open_time,open,high,low,close,quote_volume
1790553600000,0.0310730,0.0312740,0.0309960,0.0311660,179384.3556000
1790553660000,0.0311670,0.0313430,0.0311150,0.0312360,117042.5568720
1790553720000,0.0312360,0.0312920,0.0311550,0.0312130,76367.3353510
1790553780000,0.0312140,0.0313510,0.0311370,0.0312370,86619.1620450
1790553840000,0.0312380,0.0312970,0.0311620,0.0312970,42518.7517050
1790553900000,0.0312970,0.0313770,0.0312630,0.0312690,48609.5685700
1790553960000,0.0312740,0.0313180,0.0312280,0.0312390,43667.7171390
1790554020000,0.0312390,0.0312610,0.0306880,0.0307520,190441.1688250
1790554080000,0.0307590,0.0307940,0.0305610,0.0306810,115510.5917470
1790554140000,0.0306810,0.0306990,0.0305160,0.0306520,91252.1267020
1790554200000,0.0306520,0.0306850,0.0305150,0.0305540,61546.3198400
1790554260000,0.0305690,0.0307550,0.0305170,0.0306200,70851.8948000
1790554320000,0.0306200,0.0307650,0.0305890,0.0307400,34858.8008710
1790554380000,0.0307470,0.0308500,0.0306390,0.0306850,56023.0549620
1790554440000,0.0306800,0.0307280,0.0306120,0.0306170,18262.7142210
1790554500000,0.0306170,0.0306170,0.0302470,0.0303500,160679.6464930
1790554560000,0.0303500,0.0305610,0.0303330,0.0305610,57246.6605610
1790554620000,0.0305620,0.0306790,0.0304170,0.0305050,84368.3148150
1790554680000,0.0305090,0.0305640,0.0304350,0.0304660,43247.5614860
1790554740000,0.0304680,0.0306190,0.0304450,0.0305980,28251.0028900
1790554800000,0.0305800,0.0305960,0.0304020,0.0304410,39140.1788980
1790554860000,0.0304430,0.0305470,0.0304120,0.0304890,40008.7145570
1790554920000,0.0304940,0.0304980,0.0301200,0.0301730,98577.0831720
1790554980000,0.0301720,0.0302940,0.0300890,0.0302500,95276.4045820
1790555040000,0.0302500,0.0302660,0.0300700,0.0300860,46734.7539810
1790555100000,0.0300860,0.0303900,0.0300350,0.0303870,86476.5878090
1790555160000,0.0303880,0.0304170,0.0302640,0.0303740,51608.5458500
1790555220000,0.0303820,0.0304220,0.0303180,0.0303400,16857.7310320
1790555280000,0.0303410,0.0304070,0.0302520,0.0303220,42371.7930880
1790555340000,0.0303230,0.0304040,0.0302660,0.0302660,16174.9984670
1790555400000,0.0302750,0.0302810,0.0302230,0.0302680,22315.8390070
1790555460000,0.0302690,0.0303810,0.0301850,0.0303700,31818.5330020
1790555520000,0.0303670,0.0303970,0.0301610,0.0301780,30785.5692800
1790555580000,0.0301740,0.0301990,0.0301010,0.0301550,43247.6390450
1790555640000,0.0301670,0.0301730,0.0300540,0.0301010,30595.9488360
1790555700000,0.0301020,0.0301850,0.0300630,0.0300810,30649.9983860
1790555760000,0.0300810,0.0302020,0.0300580,0.0301630,23020.4906180
1790555820000,0.0301640,0.0302050,0.0300180,0.0300460,30246.6239600
1790555880000,0.0300500,0.0300790,0.0299210,0.0299980,70480.9428540
1790555940000,0.0299940,0.0301100,0.0299870,0.0300840,30028.2770150
1790556000000,0.0300820,0.0302360,0.0300560,0.0301990,38164.4516500
1790556060000,0.0301990,0.0302110,0.0300580,0.0300690,21475.8549060
1790556120000,0.0300680,0.0301260,0.0300030,0.0301260,34269.3987620
1790556180000,0.0301270,0.0302040,0.0301180,0.0301320,47965.2933600
1790556240000,0.0301300,0.0305590,0.0301280,0.0304270,113042.4941750
1790556300000,0.0304100,0.0304600,0.0302940,0.0303150,55965.3939650
1790556360000,0.0303150,0.0303510,0.0302850,0.0302990,22657.9169370
1790556420000,0.0303000,0.0303270,0.0299700,0.0300080,136374.0901150
1790556480000,0.0300080,0.0300980,0.0299990,0.0300170,49542.2034130
1790556540000,0.0300210,0.0300850,0.0299910,0.0300290,24554.0717720
1790556600000,0.0300290,0.0300820,0.0298720,0.0300550,81854.3994930
1790556660000,0.0300380,0.0300600,0.0299350,0.0299550,57868.7269180
1790556720000,0.0299470,0.0300490,0.0299040,0.0299350,22009.2298560
1790556780000,0.0299360,0.0299840,0.0297520,0.0299530,129033.3114900
1790556840000,0.0299460,0.0299870,0.0299120,0.0299490,24631.4736540
1790556900000,0.0299490,0.0300100,0.0298120,0.0299760,50768.9449470
1790556960000,0.0299730,0.0300990,0.0299440,0.0300690,30757.6984960
1790557020000,0.0300720,0.0301010,0.0300050,0.0300470,21340.4377630
1790557080000,0.0300440,0.0300570,0.0299830,0.0299960,20325.7100270
1790557140000,0.0299920,0.0300490,0.0299590,0.0299690,16296.9317090
1790557200000,0.0299660,0.0299910,0.0298260,0.0299290,55644.6538880
1790557260000,0.0299210,0.0299480,0.0297850,0.0298180,50464.9603410
1790557320000,0.0298310,0.0299240,0.0297420,0.0298550,38207.4890730
1790557380000,0.0298570,0.0299460,0.0298340,0.0299320,37677.9850520
1790557440000,0.0299380,0.0300000,0.0298530,0.0299230,36104.0146390
1790557500000,0.0299190,0.0299850,0.0299050,0.0299830,21180.3088910
1790557560000,0.0299840,0.0300140,0.0299240,0.0299980,45028.2220670
1790557620000,0.0300010,0.0301500,0.0299720,0.0300870,34591.2211740
1790557680000,0.0300890,0.0301450,0.0300240,0.0300880,40114.1715150
1790557740000,0.0300890,0.0301110,0.0299560,0.0299810,27922.0968720
1790557800000,0.0299800,0.0299830,0.0298650,0.0298930,25041.9342570
1790557860000,0.0298930,0.0299250,0.0298470,0.0299010,23711.7232930
1790557920000,0.0298930,0.0299560,0.0298160,0.0298430,30372.1093910
1790557980000,0.0298430,0.0299100,0.0297750,0.0299050,56653.3193820
1790558040000,0.0298960,0.0299010,0.0298230,0.0298400,23539.7093880
1790558100000,0.0298400,0.0298930,0.0297420,0.0298790,91041.0989980
1790558160000,0.0298840,0.0298890,0.0297590,0.0297590,24011.1558280
1790558220000,0.0297580,0.0298920,0.0297460,0.0298670,44279.4870810
1790558280000,0.0298740,0.0299670,0.0298520,0.0299510,24541.5947560
1790558340000,0.0299550,0.0299710,0.0298540,0.0299220,17936.2506310
1790558400000,0.0299210,0.0299730,0.0298860,0.0299040,32807.4306230
1790558460000,0.0299060,0.0300620,0.0298820,0.0299900,32350.5294080
1790558520000,0.0299890,0.0299910,0.0299080,0.0299080,16858.7784620
1790558580000,0.0299070,0.0302250,0.0299030,0.0301760,71128.1768860
1790558640000,0.0301840,0.0302200,0.0301370,0.0301980,37819.3957020
1790558700000,0.0301990,0.0302320,0.0299520,0.0300300,57541.0008220
1790558760000,0.0300290,0.0301150,0.0299890,0.0300520,26078.2751060
1790558820000,0.0300630,0.0300820,0.0299650,0.0300030,19123.7005580
1790558880000,0.0300010,0.0300540,0.0299840,0.0300230,15043.8849200
1790558940000,0.0300220,0.0300220,0.0299030,0.0299350,21094.1780020
1790559000000,0.0299350,0.0300640,0.0299250,0.0299420,21944.8006140
1790559060000,0.0299380,0.0299590,0.0298370,0.0298370,21179.0249110
1790559120000,0.0298380,0.0299800,0.0298180,0.0299790,33630.3492140
1790559180000,0.0299750,0.0299900,0.0298970,0.0299450,16068.7942100
1790559240000,0.0299480,0.0300240,0.0298970,0.0298970,13969.0587010
1790559300000,0.0298970,0.0298970,0.0297910,0.0298180,39068.9113670
1790559360000,0.0298160,0.0298320,0.0297480,0.0297680,21958.5751320
1790559420000,0.0297690,0.0298380,0.0297300,0.0298230,32043.3261040
1790559480000,0.0298230,0.0298460,0.0297880,0.0298340,14293.5648570
1790559540000,0.0298340,0.0298820,0.0297930,0.0298620,12949.2823070
1790559600000,0.0298620,0.0298700,0.0297970,0.0298550,19538.6752470
1790559660000,0.0298560,0.0299420,0.0298460,0.0299390,14321.8795580
1790559720000,0.0299390,0.0299450,0.0299040,0.0299400,7032.6008040
1790559780000,0.0299410,0.0299820,0.0299170,0.0299170,10797.3890400
1790559840000,0.0299190,0.0299380,0.0298780,0.0299260,12610.5539580
1790559900000,0.0299280,0.0301090,0.0299260,0.0301060,92687.4101830
1790559960000,0.0301040,0.0301630,0.0300770,0.0301500,41717.3245080
1790560020000,0.0301500,0.0302630,0.0301450,0.0302340,27510.1060840
1790560080000,0.0302340,0.0303320,0.0302340,0.0302930,32679.0198770
1790560140000,0.0302910,0.0303100,0.0300950,0.0301080,66514.0935140
1790560200000,0.0301090,0.0301770,0.0299370,0.0301590,36153.3556910
1790560260000,0.0301590,0.0301650,0.0299620,0.0300320,40602.4602740
1790560320000,0.0300340,0.0301330,0.0300060,0.0301330,22591.5800820
1790560380000,0.0301340,0.0301370,0.0299330,0.0300110,58644.5420650
1790560440000,0.0300120,0.0300280,0.0298730,0.0298750,24034.9381570
1790560500000,0.0298730,0.0299990,0.0298590,0.0299210,34023.5062750
1790560560000,0.0299110,0.0301050,0.0299050,0.0301050,57051.2940680
1790560620000,0.0301060,0.0301070,0.0299820,0.0299960,13425.7015220
1790560680000,0.0299950,0.0300260,0.0299290,0.0299440,10927.5385970
1790560740000,0.0299440,0.0299520,0.0298740,0.0299360,16171.7638240
1790560800000,0.0299290,0.0300870,0.0299120,0.0300320,34114.1845930
1790560860000,0.0300330,0.0302740,0.0300330,0.0301780,63925.4982270
1790560920000,0.0301930,0.0301990,0.0300080,0.0300340,32337.6426180
1790560980000,0.0300290,0.0301000,0.0300100,0.0300790,18231.5041310
1790561040000,0.0300780,0.0300990,0.0299870,0.0300180,27028.3774100
1790561100000,0.0300170,0.0301560,0.0300010,0.0301350,14921.1532980
1790561160000,0.0301390,0.0302790,0.0300790,0.0302230,31467.8074920
1790561220000,0.0302210,0.0303200,0.0301150,0.0301980,55696.4975800
1790561280000,0.0301930,0.0301930,0.0300600,0.0300660,20989.7356650
1790561340000,0.0300680,0.0301520,0.0300670,0.0301520,14689.8820510
1790561400000,0.0301470,0.0301780,0.0301190,0.0301530,19309.8973030
1790561460000,0.0301620,0.0304620,0.0301320,0.0301950,163562.8441780
1790561520000,0.0301880,0.0302150,0.0300230,0.0300910,25083.5154020
1790561580000,0.0300910,0.0301800,0.0300760,0.0301800,11422.6700740
1790561640000,0.0301810,0.0303350,0.0301660,0.0303290,43091.4933880
1790561700000,0.0303230,0.0303490,0.0302550,0.0303380,18866.9295780
1790561760000,0.0303400,0.0303560,0.0302020,0.0302240,26704.6829680
1790561820000,0.0302310,0.0304750,0.0302240,0.0302640,52709.1746160
1790561880000,0.0302650,0.0303900,0.0302060,0.0303730,27297.1348410
1790561940000,0.0303720,0.0303830,0.0303160,0.0303620,16142.5969510
1790562000000,0.0303600,0.0303620,0.0302260,0.0302550,16915.1419480
1790562060000,0.0302550,0.0302920,0.0301610,0.0301610,25852.7311750
1790562120000,0.0301660,0.0301910,0.0300990,0.0301130,19241.0888960
1790562180000,0.0301130,0.0301590,0.0301070,0.0301590,9116.1789450
1790562240000,0.0301600,0.0302380,0.0301210,0.0302250,12588.3644600
1790562300000,0.0302240,0.0302570,0.0301920,0.0302040,8901.1136590
1790562360000,0.0302060,0.0302470,0.0301850,0.0302140,15676.1922930
1790562420000,0.0302070,0.0302490,0.0301970,0.0302090,9025.4559960
1790562480000,0.0302080,0.0302730,0.0301820,0.0302350,17000.8409860
1790562540000,0.0302360,0.0302590,0.0301510,0.0301560,18965.6493450
1790562600000,0.0301600,0.0302330,0.0301530,0.0302050,19229.9797560
1790562660000,0.0302060,0.0302080,0.0300320,0.0300860,25830.5401770
1790562720000,0.0300860,0.0300890,0.0299930,0.0299960,20469.3925430
1790562780000,0.0300010,0.0300140,0.0297600,0.0297640,56112.2118990
1790562840000,0.0297590,0.0297640,0.0296210,0.0297240,87234.5156630
1790562900000,0.0297260,0.0298000,0.0295330,0.0295400,164466.7350470
1790562960000,0.0295390,0.0297310,0.0294710,0.0296560,77937.0217280
1790563020000,0.0296580,0.0296990,0.0295740,0.0296250,45301.0831540
1790563080000,0.0296240,0.0296590,0.0295780,0.0296480,26282.3081860
1790563140000,0.0296460,0.0298000,0.0295690,0.0297430,34644.7982900
1790563200000,0.0297370,0.0297850,0.0297000,0.0297510,20081.0807380
1790563260000,0.0297480,0.0297840,0.0296160,0.0296490,38317.0418280
1790563320000,0.0296510,0.0297140,0.0296110,0.0296460,38575.7547520
1790563380000,0.0296420,0.0297220,0.0295660,0.0296680,33003.8418430
1790563440000,0.0296730,0.0298710,0.0296500,0.0298710,32824.7963290
1790563500000,0.0298710,0.0299180,0.0297600,0.0298800,45581.4779560
1790563560000,0.0298800,0.0299430,0.0298140,0.0298320,37170.9696120
1790563620000,0.0298330,0.0298440,0.0297580,0.0297930,18230.4113390
1790563680000,0.0297870,0.0298180,0.0297220,0.0297320,27142.6257300
1790563740000,0.0297310,0.0298250,0.0297090,0.0298150,18873.7221970
1790563800000,0.0298080,0.0299970,0.0297970,0.0298870,66721.0501920
1790563860000,0.0298900,0.0299160,0.0297770,0.0298080,52041.8052640
1790563920000,0.0298040,0.0298340,0.0297670,0.0298070,21595.5065190
1790563980000,0.0298060,0.0298890,0.0297770,0.0297870,17316.7206780
1790564040000,0.0297870,0.0298780,0.0297870,0.0298630,8971.4803760
1790564100000,0.0298640,0.0298890,0.0298090,0.0298220,20916.6243120
1790564160000,0.0298250,0.0298470,0.0298050,0.0298140,14887.0203800
1790564220000,0.0298150,0.0298490,0.0297600,0.0298220,15989.7380090
1790564280000,0.0298220,0.0298810,0.0297800,0.0297840,25433.9595680
1790564340000,0.0297850,0.0298840,0.0296910,0.0297630,45601.6942290
1790564400000,0.0297630,0.0299460,0.0297250,0.0299200,32318.9156050
1790564460000,0.0299300,0.0299990,0.0298610,0.0299800,24122.3528190
1790564520000,0.0299780,0.0299910,0.0297980,0.0298180,52345.9376990
1790564580000,0.0298140,0.0298970,0.0297700,0.0297760,24265.8410160
1790564640000,0.0297770,0.0297900,0.0296810,0.0297500,35980.5844790
1790564700000,0.0297500,0.0297900,0.0297090,0.0297540,22006.5104390
1790564760000,0.0297580,0.0298140,0.0297170,0.0297590,12434.9480780
1790564820000,0.0297580,0.0297830,0.0297330,0.0297550,17633.3481250
1790564880000,0.0297560,0.0297590,0.0295820,0.0296250,44888.1355650
1790564940000,0.0296250,0.0298100,0.0296250,0.0297510,25636.0574300
1790565000000,0.0297520,0.0298290,0.0297360,0.0298090,18449.6590110
1790565060000,0.0298110,0.0298210,0.0297430,0.0297650,9953.5569610
1790565120000,0.0297640,0.0298240,0.0297540,0.0297990,13525.5839510
1790565180000,0.0297960,0.0299160,0.0297960,0.0298340,28815.6085870
1790565240000,0.0298340,0.0298340,0.0296690,0.0296730,20345.4702170
1790565300000,0.0296720,0.0298070,0.0296560,0.0298050,20044.3711620
1790565360000,0.0298050,0.0298330,0.0297410,0.0297860,20612.4285290
1790565420000,0.0297860,0.0298100,0.0297270,0.0298010,16639.1730890
1790565480000,0.0298030,0.0298030,0.0297250,0.0297710,6597.7247620
1790565540000,0.0297710,0.0298340,0.0297540,0.0298040,12028.7068970
1790565600000,0.0298030,0.0298400,0.0297350,0.0298000,29638.4429000
1790565660000,0.0297890,0.0299000,0.0297840,0.0298730,13233.3017000
1790565720000,0.0298780,0.0299080,0.0298470,0.0298760,18571.4015590
1790565780000,0.0298760,0.0298760,0.0297640,0.0298280,33735.4490070
1790565840000,0.0298360,0.0298620,0.0297810,0.0297810,7369.3771460
1790565900000,0.0297810,0.0297820,0.0294730,0.0295020,69500.3722130
1790565960000,0.0295090,0.0295420,0.0293940,0.0295040,59345.8852150
1790566020000,0.0295030,0.0295220,0.0293840,0.0294690,42677.8400030
1790566080000,0.0294630,0.0295360,0.0294060,0.0294280,43648.6484600
1790566140000,0.0294290,0.0294890,0.0293550,0.0294500,53026.4795860
1790566200000,0.0294510,0.0296070,0.0294510,0.0294940,60863.4189590
1790566260000,0.0294880,0.0295070,0.0294060,0.0295030,38680.2531590
1790566320000,0.0295070,0.0295840,0.0294780,0.0295260,37012.4157840
1790566380000,0.0295210,0.0296660,0.0294760,0.0295940,47089.2320180
1790566440000,0.0295890,0.0296730,0.0295320,0.0296300,35192.6418990
1790566500000,0.0296300,0.0297790,0.0295690,0.0297090,32114.1377170
1790566560000,0.0297110,0.0297330,0.0296180,0.0296850,22652.1805170
1790566620000,0.0296850,0.0297090,0.0296640,0.0296920,6824.0479280
1790566680000,0.0296870,0.0297750,0.0296340,0.0296610,47817.7184450
1790566740000,0.0296600,0.0296600,0.0295810,0.0296400,26890.5196010
1790566800000,0.0296390,0.0296390,0.0295500,0.0295550,22514.6405130
1790566860000,0.0295540,0.0297200,0.0295360,0.0296900,39877.5728620
1790566920000,0.0296920,0.0297810,0.0296680,0.0297440,39115.9830640
1790566980000,0.0297400,0.0297520,0.0297030,0.0297280,11869.7159750
1790567040000,0.0297280,0.0297370,0.0296220,0.0296320,22969.5690810
1790567100000,0.0296310,0.0296770,0.0295910,0.0296310,24798.1718770
1790567160000,0.0296310,0.0296950,0.0296290,0.0296680,13090.4962230
1790567220000,0.0296670,0.0297360,0.0296560,0.0297040,32369.4846300
1790567280000,0.0296980,0.0298020,0.0296720,0.0298020,20930.5165710
1790567340000,0.0298030,0.0299690,0.0297570,0.0298060,54826.6013060
1790567400000,0.0298080,0.0298580,0.0297780,0.0298090,17578.0228900
1790567460000,0.0298130,0.0300990,0.0297850,0.0300660,77073.9813070
1790567520000,0.0300740,0.0301650,0.0300110,0.0301400,70176.8509530
1790567580000,0.0301440,0.0301980,0.0299010,0.0299060,53551.6889940
1790567640000,0.0299060,0.0300060,0.0298500,0.0299710,32492.8983960
1790567700000,0.0299690,0.0299800,0.0298530,0.0299260,37222.3986800
1790567760000,0.0299310,0.0299600,0.0298820,0.0298820,23334.1607040
1790567820000,0.0298810,0.0300770,0.0298780,0.0300760,29996.0843900
1790567880000,0.0300760,0.0301140,0.0299310,0.0299450,32346.4716500
1790567940000,0.0299430,0.0299480,0.0298180,0.0298390,25799.8555370
1790568000000,0.0298330,0.0298480,0.0296610,0.0296950,40700.3987060
1790568060000,0.0296890,0.0297410,0.0295900,0.0295900,42503.3088410
1790568120000,0.0295890,0.0296070,0.0294110,0.0294530,68800.7777270
1790568180000,0.0294520,0.0294540,0.0291060,0.0293390,171943.4256420
1790568240000,0.0293390,0.0294630,0.0293250,0.0294320,53028.7259440
1790568300000,0.0294330,0.0295750,0.0294080,0.0295290,48899.2692370
1790568360000,0.0295290,0.0295590,0.0294800,0.0295050,30989.2427240
1790568420000,0.0294980,0.0295740,0.0294650,0.0295340,32731.7323220
1790568480000,0.0295340,0.0295340,0.0294090,0.0294550,33204.1540310
1790568540000,0.0294550,0.0295010,0.0294070,0.0294590,28066.3283040
1790568600000,0.0294580,0.0295710,0.0294120,0.0295380,31665.3264480
1790568660000,0.0295290,0.0295830,0.0294810,0.0295200,21481.4598100
1790568720000,0.0295150,0.0295720,0.0294540,0.0295390,23871.7370480
1790568780000,0.0295310,0.0295540,0.0295110,0.0295250,13442.4822340
1790568840000,0.0295240,0.0296380,0.0295220,0.0295880,38958.8667400
1790568900000,0.0295880,0.0296020,0.0295300,0.0295510,10727.3713800
1790568960000,0.0295490,0.0295890,0.0295030,0.0295090,26939.9241740
1790569020000,0.0295120,0.0295660,0.0295120,0.0295600,8069.4821980
1790569080000,0.0295570,0.0295840,0.0295140,0.0295670,30862.7547600
1790569140000,0.0295720,0.0295730,0.0294240,0.0294680,41552.6544730
1790569200000,0.0294620,0.0294870,0.0294000,0.0294390,35367.4191230
1790569260000,0.0294400,0.0295280,0.0293760,0.0294650,52619.5627200
1790569320000,0.0294660,0.0294660,0.0293550,0.0294540,30937.0531000
1790569380000,0.0294540,0.0294540,0.0292650,0.0292750,56348.3005880
1790569440000,0.0292790,0.0293350,0.0291870,0.0292330,62517.8388170
1790569500000,0.0292350,0.0292740,0.0291290,0.0292140,61461.1834510
1790569560000,0.0292130,0.0292130,0.0290540,0.0291540,80957.6226520
1790569620000,0.0291560,0.0292510,0.0291550,0.0292060,24064.6493730
1790569680000,0.0292070,0.0292290,0.0291390,0.0292100,87693.3428730
1790569740000,0.0292140,0.0292350,0.0291230,0.0291590,36856.9521060
1790569800000,0.0291590,0.0291870,0.0290510,0.0291280,32794.1371780
1790569860000,0.0291270,0.0292380,0.0291160,0.0292030,40963.8258750
1790569920000,0.0292000,0.0292250,0.0290950,0.0291770,41565.7959790
1790569980000,0.0291760,0.0291990,0.0290750,0.0291900,36904.2502750
1790570040000,0.0291900,0.0291900,0.0290620,0.0290620,38800.1688590
1790570100000,0.0290620,0.0290950,0.0289040,0.0290670,119353.5710300
1790570160000,0.0290600,0.0290860,0.0289550,0.0289990,44923.7398990
1790570220000,0.0289980,0.0290570,0.0289850,0.0290570,29864.6790560
1790570280000,0.0290570,0.0291320,0.0290100,0.0290770,38858.6013910
1790570340000,0.0290760,0.0290880,0.0289490,0.0289990,27013.3913840
1790570400000,0.0289930,0.0289980,0.0289350,0.0289570,24023.6467620
1790570460000,0.0289570,0.0290290,0.0288870,0.0289670,63008.9591530
1790570520000,0.0289670,0.0289670,0.0287890,0.0288230,115225.6763790
1790570580000,0.0288280,0.0289170,0.0288270,0.0288650,76979.1120880
1790570640000,0.0288640,0.0289330,0.0288400,0.0289250,63226.6832930
1790570700000,0.0289190,0.0289830,0.0288830,0.0289800,41267.8111980
1790570760000,0.0289820,0.0290670,0.0289340,0.0289910,45421.4646790
1790570820000,0.0289910,0.0291490,0.0289880,0.0290900,82670.4153800
1790570880000,0.0290810,0.0290840,0.0289930,0.0290240,43540.4604770
1790570940000,0.0290250,0.0290570,0.0289920,0.0290270,25410.1707460
1790571000000,0.0290270,0.0291340,0.0290250,0.0290920,23523.3674930
1790571060000,0.0290920,0.0291270,0.0290490,0.0290540,33399.3243570
1790571120000,0.0290560,0.0290600,0.0290220,0.0290460,18299.2298640
1790571180000,0.0290450,0.0291200,0.0290310,0.0291100,41396.0650100
1790571240000,0.0291110,0.0291420,0.0290560,0.0290760,41009.6844740
1790571300000,0.0290760,0.0291220,0.0290480,0.0290690,26654.4365510
1790571360000,0.0290720,0.0290740,0.0290330,0.0290420,14394.7150970
1790571420000,0.0290410,0.0290950,0.0290170,0.0290760,23099.1418320
1790571480000,0.0290770,0.0290780,0.0289880,0.0289890,23327.0160520
1790571540000,0.0289890,0.0290090,0.0289400,0.0289490,16941.2055440
1790571600000,0.0289490,0.0290090,0.0289220,0.0290010,35231.7962100
1790571660000,0.0290000,0.0291010,0.0290000,0.0290000,77368.9996320
1790571720000,0.0290000,0.0290010,0.0289220,0.0289370,27717.1927840
1790571780000,0.0289360,0.0289460,0.0289080,0.0289230,19444.4695160
1790571840000,0.0289230,0.0289320,0.0288190,0.0288870,47887.6609740
1790571900000,0.0288890,0.0289180,0.0287960,0.0288640,54486.8892920
1790571960000,0.0288650,0.0288910,0.0287100,0.0287840,92160.0897730
1790572020000,0.0287840,0.0288300,0.0287660,0.0287990,33071.8030410
1790572080000,0.0288000,0.0288950,0.0287870,0.0288680,40026.3152110
1790572140000,0.0288690,0.0288760,0.0288220,0.0288220,11981.0818380
1790572200000,0.0288240,0.0288500,0.0288170,0.0288470,19793.5789830
1790572260000,0.0288460,0.0288480,0.0287310,0.0287430,41748.2317850
1790572320000,0.0287430,0.0287560,0.0286800,0.0286930,71722.4294040
1790572380000,0.0286850,0.0287020,0.0286400,0.0286620,50602.7711600
1790572440000,0.0286640,0.0287720,0.0286580,0.0287530,62765.2507430
1790572500000,0.0287490,0.0287550,0.0286980,0.0287160,36452.9453590
1790572560000,0.0287170,0.0287760,0.0286260,0.0286800,50105.6306950
1790572620000,0.0286810,0.0287200,0.0286400,0.0286580,34912.5789220
1790572680000,0.0286580,0.0287070,0.0286130,0.0287070,23581.3265550
1790572740000,0.0287070,0.0287840,0.0286910,0.0287370,25103.9494160
1790572800000,0.0287370,0.0287970,0.0287070,0.0287760,24201.5850580
1790572860000,0.0287830,0.0288000,0.0287070,0.0287930,36798.4243590
1790572920000,0.0287940,0.0287940,0.0287150,0.0287260,33777.9506050
1790572980000,0.0287250,0.0287730,0.0287190,0.0287630,50740.6611520
1790573040000,0.0287640,0.0287710,0.0286630,0.0286720,29173.0114290
1790573100000,0.0286720,0.0287050,0.0286560,0.0286900,24577.2744530
1790573160000,0.0286900,0.0287100,0.0286480,0.0286590,20744.3149440
1790573220000,0.0286600,0.0287220,0.0286600,0.0287040,25671.8355960
1790573280000,0.0287000,0.0287630,0.0286130,0.0287630,64758.5165190
1790573340000,0.0287600,0.0287850,0.0287140,0.0287740,47606.3146420
1790573400000,0.0287750,0.0289990,0.0287750,0.0289650,82453.5544500
1790573460000,0.0289650,0.0290070,0.0288950,0.0289160,61522.3881250
1790573520000,0.0289190,0.0289770,0.0288080,0.0288380,39339.2698090
1790573580000,0.0288410,0.0288410,0.0287760,0.0288050,23844.7490240
1790573640000,0.0288090,0.0288130,0.0285680,0.0285830,76172.3302920
1790573700000,0.0285850,0.0286910,0.0285850,0.0286560,29293.6366210
1790573760000,0.0286560,0.0287150,0.0286510,0.0287020,18775.7865640
1790573820000,0.0287000,0.0287140,0.0286660,0.0286960,17030.5418000
1790573880000,0.0286990,0.0287270,0.0286440,0.0286560,27108.9670880
1790573940000,0.0286550,0.0287230,0.0286510,0.0286790,18298.5167340
1790574000000,0.0286780,0.0288110,0.0286510,0.0287840,43635.7834210
1790574060000,0.0287830,0.0288250,0.0287200,0.0287490,28345.9051720
1790574120000,0.0287480,0.0287860,0.0287000,0.0287470,27745.2491780
1790574180000,0.0287460,0.0287950,0.0287150,0.0287800,29188.4061230
1790574240000,0.0287800,0.0287900,0.0286740,0.0287480,36199.4740290
1790574300000,0.0287510,0.0288000,0.0287330,0.0287490,18526.1425870
1790574360000,0.0287510,0.0288730,0.0287460,0.0288680,56351.7695480
1790574420000,0.0288730,0.0289680,0.0288540,0.0289010,53083.4709500
1790574480000,0.0289000,0.0289150,0.0288330,0.0288620,45582.6266040
1790574540000,0.0288630,0.0289120,0.0288270,0.0288930,34220.6990930
1790574600000,0.0288940,0.0289860,0.0288780,0.0289240,28762.8347670
1790574660000,0.0289150,0.0289150,0.0287040,0.0287470,57237.2372710
1790574720000,0.0287420,0.0287720,0.0286910,0.0287720,24902.9127860
1790574780000,0.0287680,0.0288380,0.0287640,0.0287950,20715.3878010
1790574840000,0.0287960,0.0288600,0.0287910,0.0288430,19828.5984580
1790574900000,0.0288410,0.0290190,0.0288150,0.0289850,48358.3930420
1790574960000,0.0289830,0.0290920,0.0289530,0.0290380,30129.0853010
1790575020000,0.0290380,0.0290860,0.0289560,0.0290230,30954.5966210
1790575080000,0.0290240,0.0290930,0.0290120,0.0290170,35814.6775950
1790575140000,0.0290160,0.0290990,0.0290110,0.0290480,35717.1157220
1790575200000,0.0290470,0.0290580,0.0289560,0.0290320,40082.1354900
1790575260000,0.0290330,0.0290750,0.0289570,0.0290120,32579.2767590
1790575320000,0.0290080,0.0290190,0.0289300,0.0289490,57000.1076390
1790575380000,0.0289500,0.0289910,0.0289000,0.0289220,28917.7553780
1790575440000,0.0289220,0.0289900,0.0289080,0.0289700,23234.5201170
1790575500000,0.0289690,0.0290360,0.0289640,0.0290100,14921.1781130
1790575560000,0.0290090,0.0290770,0.0290090,0.0290210,28710.9376660
1790575620000,0.0290170,0.0290470,0.0289380,0.0289750,24531.1006940
1790575680000,0.0289760,0.0289780,0.0289100,0.0289450,17711.4758660
1790575740000,0.0289450,0.0289720,0.0289110,0.0289320,21366.0011370
1790575800000,0.0289310,0.0289380,0.0288780,0.0289250,38209.1826010
1790575860000,0.0289250,0.0289620,0.0289200,0.0289340,19754.2934240
1790575920000,0.0289330,0.0290080,0.0289080,0.0289690,21521.2711400
1790575980000,0.0289710,0.0290100,0.0289330,0.0289460,22527.3122640
1790576040000,0.0289480,0.0290180,0.0289350,0.0290050,16175.7313350
1790576100000,0.0290050,0.0290370,0.0289940,0.0290240,13230.2306660
1790576160000,0.0290240,0.0290240,0.0289210,0.0289340,24291.0020990
1790576220000,0.0289340,0.0289430,0.0286840,0.0287130,61932.2248140
1790576280000,0.0287150,0.0288180,0.0286880,0.0287710,42126.5010050
1790576340000,0.0287670,0.0287710,0.0287230,0.0287250,12897.1490460
1790576400000,0.0287280,0.0287730,0.0287280,0.0287460,6592.8746300
1790576460000,0.0287450,0.0287460,0.0286410,0.0287150,53224.8888370
1790576520000,0.0287080,0.0287400,0.0286870,0.0287300,32402.5822970
1790576580000,0.0287310,0.0287930,0.0287100,0.0287840,23021.6720630
1790576640000,0.0287920,0.0288480,0.0287490,0.0288220,40077.1627250
1790576700000,0.0288160,0.0288650,0.0287980,0.0288050,27388.1865330
1790576760000,0.0288080,0.0288280,0.0287070,0.0287120,42374.0861170
1790576820000,0.0287120,0.0287400,0.0286950,0.0287020,27508.9904360
1790576880000,0.0287070,0.0287390,0.0286880,0.0287160,12032.8730840
1790576940000,0.0287160,0.0287400,0.0287040,0.0287140,13590.2471260
1790577000000,0.0287160,0.0287990,0.0287160,0.0287590,13062.6377610
1790577060000,0.0287630,0.0287910,0.0286730,0.0286730,21055.9823680
1790577120000,0.0286810,0.0287240,0.0286460,0.0286930,19218.4982060
1790577180000,0.0286930,0.0286930,0.0286190,0.0286660,25253.3711880
1790577240000,0.0286660,0.0287230,0.0286380,0.0287010,15981.4572430
1790577300000,0.0287010,0.0287010,0.0286640,0.0286690,9322.0693130
1790577360000,0.0286680,0.0286720,0.0285750,0.0286440,39319.6318000
1790577420000,0.0286460,0.0286460,0.0285750,0.0286000,29385.7544680
1790577480000,0.0286030,0.0287330,0.0285980,0.0287080,45648.0699760
1790577540000,0.0287060,0.0287060,0.0286470,0.0286910,22977.7929370
1790577600000,0.0286870,0.0287710,0.0286670,0.0287290,25155.5135180
1790577660000,0.0287300,0.0288650,0.0287290,0.0288540,25560.7464600
1790577720000,0.0288490,0.0288710,0.0287330,0.0287490,29522.2452570
1790577780000,0.0287480,0.0288290,0.0287420,0.0288130,10178.5092840
1790577840000,0.0288160,0.0288440,0.0287850,0.0288230,15912.6496080
1790577900000,0.0288240,0.0289120,0.0287990,0.0288930,26099.5980830
1790577960000,0.0288930,0.0289210,0.0288450,0.0288450,20015.7670220
1790578020000,0.0288500,0.0288850,0.0288350,0.0288840,13024.3702590
1790578080000,0.0288840,0.0288860,0.0287110,0.0287590,36353.8837010
1790578140000,0.0287560,0.0287860,0.0287450,0.0287680,11590.9931030
1790578200000,0.0287670,0.0287790,0.0287300,0.0287740,9181.7272150
1790578260000,0.0287730,0.0288010,0.0287390,0.0287630,22057.2265260
1790578320000,0.0287650,0.0287810,0.0287280,0.0287590,15605.1509070
1790578380000,0.0287590,0.0287720,0.0286870,0.0287720,33510.0743470
1790578440000,0.0287730,0.0287740,0.0287350,0.0287450,7012.5575430
1790578500000,0.0287450,0.0287740,0.0287390,0.0287490,17592.1461280
1790578560000,0.0287480,0.0287480,0.0286890,0.0286890,17294.4524170
1790578620000,0.0286890,0.0287070,0.0286810,0.0286940,9535.3684200
1790578680000,0.0286940,0.0287060,0.0286160,0.0286250,20681.9093770
1790578740000,0.0286210,0.0286570,0.0285840,0.0286180,36348.6155830
1790578800000,0.0286180,0.0286300,0.0285500,0.0285580,41351.0057130
1790578860000,0.0285540,0.0287270,0.0284000,0.0286700,195697.5852580
1790578920000,0.0286710,0.0287070,0.0285550,0.0286590,64792.5806880
1790578980000,0.0286530,0.0288270,0.0286480,0.0287620,88578.9130470
1790579040000,0.0287610,0.0288600,0.0287270,0.0288040,42624.1115410
1790579100000,0.0287980,0.0288870,0.0287540,0.0287540,33347.5396410
1790579160000,0.0287590,0.0288970,0.0287420,0.0288600,31510.3792870
1790579220000,0.0288600,0.0289810,0.0288550,0.0289180,41924.2094780
1790579280000,0.0289180,0.0289200,0.0288090,0.0288660,44370.1121430
1790579340000,0.0288550,0.0288620,0.0287760,0.0287880,41337.4111000
1790579400000,0.0287890,0.0287970,0.0287040,0.0287210,18625.3747870
1790579460000,0.0287210,0.0287630,0.0286930,0.0287380,28091.3457260
1790579520000,0.0287330,0.0287710,0.0287180,0.0287590,19703.3501730
1790579580000,0.0287560,0.0287810,0.0285780,0.0285950,54077.8612070
1790579640000,0.0285980,0.0286310,0.0285410,0.0285620,38050.5062880
1790579700000,0.0285620,0.0285690,0.0284500,0.0284500,46407.4444460
1790579760000,0.0284570,0.0287090,0.0284570,0.0286560,58947.6916880
1790579820000,0.0286620,0.0286670,0.0285980,0.0286440,20343.9796660
1790579880000,0.0286450,0.0287000,0.0285960,0.0286900,21366.9439730
1790579940000,0.0286900,0.0288000,0.0286900,0.0287670,27308.6652840
1790580000000,0.0287670,0.0288000,0.0287330,0.0287480,23655.9235140
1790580060000,0.0287470,0.0287880,0.0287070,0.0287740,23388.2477760
1790580120000,0.0287760,0.0288510,0.0287550,0.0288090,31220.5039730
1790580180000,0.0288150,0.0288260,0.0286950,0.0286960,34013.6074260
1790580240000,0.0286960,0.0286960,0.0286530,0.0286820,22354.4041390
1790580300000,0.0286820,0.0287550,0.0286770,0.0287170,27572.4366910
1790580360000,0.0287110,0.0288950,0.0287110,0.0288680,42697.8864430
1790580420000,0.0288630,0.0290380,0.0288340,0.0290030,59874.2059710
1790580480000,0.0290020,0.0290360,0.0289320,0.0289500,35736.2510850
1790580540000,0.0289490,0.0289910,0.0288590,0.0288730,53295.2099830
1790580600000,0.0288640,0.0289370,0.0288530,0.0289370,29295.9551940
1790580660000,0.0289370,0.0289770,0.0288410,0.0289460,45902.5370770
1790580720000,0.0289450,0.0289660,0.0289140,0.0289410,18377.6288000
1790580780000,0.0289410,0.0290990,0.0289140,0.0290430,81326.8183270
1790580840000,0.0290460,0.0290460,0.0289870,0.0290250,15903.4809880
1790580900000,0.0290250,0.0291390,0.0290090,0.0290840,38052.9902900
1790580960000,0.0290790,0.0294450,0.0290400,0.0294170,197733.9573840
1790581020000,0.0294160,0.0297420,0.0293250,0.0294360,165171.7151620
1790581080000,0.0294190,0.0294910,0.0293200,0.0294680,97159.6641060
1790581140000,0.0294590,0.0295590,0.0294290,0.0294500,51737.6340420
1790581200000,0.0294460,0.0297010,0.0294300,0.0295650,88411.6945300
1790581260000,0.0295650,0.0296400,0.0294900,0.0295870,67874.0295390
1790581320000,0.0295810,0.0298000,0.0295460,0.0297600,90708.8498140
1790581380000,0.0297800,0.0299200,0.0297070,0.0297780,120608.2309740
1790581440000,0.0297790,0.0297910,0.0295760,0.0296090,62788.8223020
1790581500000,0.0295960,0.0297990,0.0295530,0.0297920,66678.1179620
1790581560000,0.0297820,0.0299200,0.0297040,0.0297040,89567.8887980
1790581620000,0.0297030,0.0297180,0.0296000,0.0296960,44218.8276410
1790581680000,0.0296900,0.0298590,0.0296380,0.0298310,45419.0306280
1790581740000,0.0298420,0.0301300,0.0298320,0.0301250,93146.6510330
1790581800000,0.0301230,0.0304510,0.0301090,0.0303870,185608.9216650
1790581860000,0.0303860,0.0304720,0.0301070,0.0301260,173798.2919920
1790581920000,0.0301270,0.0301600,0.0298960,0.0299910,109896.3829640
1790581980000,0.0299880,0.0300900,0.0299590,0.0299830,79615.0260680
1790582040000,0.0299830,0.0299900,0.0297620,0.0299880,93193.2466080
1790582100000,0.0299910,0.0299920,0.0298790,0.0298990,53235.2536250
1790582160000,0.0298980,0.0300770,0.0298730,0.0300610,79596.9168820
1790582220000,0.0300600,0.0300730,0.0299650,0.0299700,53646.9492040
1790582280000,0.0299680,0.0300430,0.0299350,0.0300050,54459.5307190
1790582340000,0.0299970,0.0300710,0.0299550,0.0299730,29336.6644590
1790582400000,0.0299720,0.0300350,0.0298440,0.0298830,90345.9938780
1790582460000,0.0298730,0.0298730,0.0296070,0.0297150,146985.7427170
1790582520000,0.0297160,0.0298930,0.0296600,0.0297330,119118.7095280
1790582580000,0.0297290,0.0297290,0.0294120,0.0295670,100774.3978550
1790582640000,0.0295500,0.0297730,0.0294880,0.0297120,76342.8219080
1790582700000,0.0297180,0.0297250,0.0294070,0.0294590,55497.1370150
1790582760000,0.0294500,0.0296020,0.0294260,0.0295280,24760.3869010
1790582820000,0.0295280,0.0296720,0.0294850,0.0295460,51167.9516560
1790582880000,0.0295470,0.0297120,0.0295130,0.0296410,24591.5558070
1790582940000,0.0296450,0.0298390,0.0296130,0.0298190,32683.0765060
1790583000000,0.0298190,0.0298740,0.0296760,0.0297680,31904.1169170
1790583060000,0.0297700,0.0300010,0.0297080,0.0299750,67773.7911060
1790583120000,0.0299710,0.0301700,0.0299370,0.0299630,114560.6136100
1790583180000,0.0299620,0.0299990,0.0299030,0.0299080,25587.1766090
1790583240000,0.0299070,0.0301260,0.0298670,0.0300510,31227.4516600
1790583300000,0.0300490,0.0300830,0.0298260,0.0299940,58955.7067560
1790583360000,0.0299950,0.0302140,0.0299950,0.0300360,83399.5125600
1790583420000,0.0300350,0.0301140,0.0299410,0.0299620,60331.8597880
1790583480000,0.0299620,0.0299710,0.0296970,0.0297790,121041.2056520
1790583540000,0.0297860,0.0299040,0.0297640,0.0298660,27237.6898690
1790583600000,0.0298620,0.0299140,0.0298130,0.0298960,27377.8809460
1790583660000,0.0298930,0.0299020,0.0297150,0.0298180,50520.7485460
1790583720000,0.0298140,0.0299500,0.0297060,0.0299500,40310.1653180
1790583780000,0.0299510,0.0299750,0.0298740,0.0298860,22131.3739820
1790583840000,0.0298930,0.0298930,0.0297240,0.0297490,25555.1250160
1790583900000,0.0297460,0.0297760,0.0296800,0.0296920,20427.7758640
1790583960000,0.0296920,0.0299370,0.0296680,0.0298920,53147.1094930
1790584020000,0.0298920,0.0298990,0.0297910,0.0298280,12746.3540950
1790584080000,0.0298310,0.0300870,0.0298310,0.0300280,51689.0288120
1790584140000,0.0300350,0.0300600,0.0298850,0.0298910,45899.5104250
1790584200000,0.0298950,0.0299000,0.0296920,0.0297110,31860.7069130
1790584260000,0.0297010,0.0297570,0.0296360,0.0296490,42271.1598320
1790584320000,0.0296500,0.0296700,0.0295620,0.0296010,44261.8511510
1790584380000,0.0295990,0.0296000,0.0294750,0.0295960,49995.5679040
1790584440000,0.0295890,0.0297040,0.0295320,0.0296410,30539.3634000
1790584500000,0.0296440,0.0296470,0.0295600,0.0296040,27246.3920870
1790584560000,0.0296000,0.0297160,0.0295500,0.0297130,19783.4307910
1790584620000,0.0297070,0.0298080,0.0296280,0.0297790,20629.1284140
1790584680000,0.0297810,0.0298710,0.0296990,0.0297540,49726.2187410
1790584740000,0.0297560,0.0298880,0.0297480,0.0297890,35485.2647950
1790584800000,0.0297900,0.0298400,0.0297550,0.0298330,32752.4239740
1790584860000,0.0298320,0.0299740,0.0298320,0.0299620,28912.5175760
1790584920000,0.0299560,0.0299660,0.0295950,0.0296130,48338.1732300
1790584980000,0.0296040,0.0296340,0.0295430,0.0296000,26799.8370540
1790585040000,0.0295920,0.0296500,0.0295430,0.0296040,26503.8586950
1790585100000,0.0296050,0.0297780,0.0295940,0.0297760,18006.2139590
1790585160000,0.0297700,0.0298200,0.0297560,0.0298100,17912.5699690
1790585220000,0.0298060,0.0298060,0.0296210,0.0296700,51482.0370150
1790585280000,0.0296710,0.0298280,0.0296370,0.0297910,25298.7441630
1790585340000,0.0297980,0.0298250,0.0297720,0.0297800,11767.4057410
1790585400000,0.0297780,0.0298970,0.0297530,0.0298910,22805.3741270
1790585460000,0.0298910,0.0299650,0.0298310,0.0299630,28422.8245850
1790585520000,0.0299640,0.0300580,0.0299640,0.0300310,98193.4284020
1790585580000,0.0300310,0.0300710,0.0299310,0.0299520,33728.0668510
1790585640000,0.0299570,0.0300500,0.0299450,0.0300150,28063.6969800
1790585700000,0.0300170,0.0300630,0.0298360,0.0298940,38459.1350800
1790585760000,0.0298940,0.0299080,0.0298150,0.0299080,26048.7654830
1790585820000,0.0299010,0.0299540,0.0298060,0.0298520,17231.5556320
1790585880000,0.0298470,0.0298680,0.0297580,0.0298470,40984.6044900
1790585940000,0.0298480,0.0298540,0.0298110,0.0298320,11923.6013200
1790586000000,0.0298340,0.0299120,0.0298220,0.0298880,20584.0208580
1790586060000,0.0298840,0.0298840,0.0296670,0.0296670,45601.9446280
1790586120000,0.0296760,0.0298220,0.0296500,0.0297740,43328.0874390
1790586180000,0.0297750,0.0297750,0.0296000,0.0296340,56219.8630030
1790586240000,0.0296330,0.0297620,0.0295230,0.0296750,110626.7632470
1790586300000,0.0296710,0.0298030,0.0296640,0.0297700,21821.5121890
1790586360000,0.0297700,0.0298990,0.0297620,0.0298660,28681.0345490
1790586420000,0.0298670,0.0299990,0.0298550,0.0299850,21729.8270860
1790586480000,0.0299860,0.0300000,0.0298710,0.0299250,38332.3864720
1790586540000,0.0299230,0.0300490,0.0299230,0.0299790,40461.6024880
1790586600000,0.0299880,0.0299960,0.0298990,0.0299460,14999.7887060
1790586660000,0.0299460,0.0299830,0.0298580,0.0299070,24563.6974930
1790586720000,0.0299030,0.0299660,0.0298330,0.0299230,21061.2428260
1790586780000,0.0299230,0.0299300,0.0298310,0.0299090,13064.3739430
1790586840000,0.0299090,0.0300410,0.0298980,0.0299900,18926.0192170
1790586900000,0.0299880,0.0300610,0.0298820,0.0299000,21733.4228020
1790586960000,0.0299100,0.0299710,0.0298890,0.0299560,18343.6427340
1790587020000,0.0299560,0.0301420,0.0299420,0.0300490,74534.1503000
1790587080000,0.0300510,0.0300660,0.0299000,0.0299310,25610.0562270
1790587140000,0.0299320,0.0299990,0.0298460,0.0298460,31828.4612080
1790587200000,0.0298470,0.0299080,0.0297860,0.0298080,25423.8281420
1790587260000,0.0298080,0.0299350,0.0297820,0.0299260,15221.4925890
1790587320000,0.0299300,0.0300840,0.0299300,0.0300810,29380.1386660
1790587380000,0.0300820,0.0303410,0.0300800,0.0302640,79836.0912560
1790587440000,0.0302700,0.0303790,0.0302110,0.0303340,69532.4603600
1790587500000,0.0303330,0.0303710,0.0302010,0.0302310,33301.4356980
1790587560000,0.0302290,0.0302850,0.0299490,0.0299800,80352.0498980
1790587620000,0.0299870,0.0300360,0.0299280,0.0299770,19492.2760270
1790587680000,0.0299760,0.0299970,0.0299080,0.0299350,22935.2382990
1790587740000,0.0299400,0.0299460,0.0296320,0.0296620,66162.4208960
1790587800000,0.0296560,0.0296960,0.0294080,0.0295010,90511.9518010
1790587860000,0.0294980,0.0295220,0.0292780,0.0293500,92243.2429230
1790587920000,0.0293570,0.0293770,0.0291680,0.0292660,93885.3864520
1790587980000,0.0292770,0.0293560,0.0291240,0.0292730,85610.3138950
1790588040000,0.0292740,0.0293230,0.0292140,0.0292360,26391.9519280
1790588100000,0.0292350,0.0293790,0.0292350,0.0293090,43946.2701090
1790588160000,0.0293000,0.0293400,0.0292520,0.0293120,22241.1766600
1790588220000,0.0293120,0.0297750,0.0293120,0.0296870,91729.1478570
1790588280000,0.0296870,0.0297650,0.0296100,0.0296900,54542.9487540
1790588340000,0.0296820,0.0298520,0.0296790,0.0297360,29495.6164100
1790588400000,0.0297360,0.0297940,0.0297240,0.0297890,29463.2520370
1790588460000,0.0297920,0.0300020,0.0297890,0.0299760,61947.6294110
1790588520000,0.0299750,0.0300750,0.0299560,0.0300130,36414.2694970
1790588580000,0.0300130,0.0302120,0.0299500,0.0301140,52430.7748230
1790588640000,0.0301280,0.0301740,0.0300570,0.0301140,58226.9194870
1790588700000,0.0301140,0.0301350,0.0298950,0.0299930,64213.6087090
1790588760000,0.0299950,0.0304340,0.0299950,0.0303470,77538.7434560
1790588820000,0.0303470,0.0307830,0.0302340,0.0304990,241364.4075390
1790588880000,0.0304980,0.0306410,0.0304070,0.0305790,96245.8753230
1790588940000,0.0305840,0.0308450,0.0305630,0.0306490,140517.3865570
1790589000000,0.0306610,0.0307550,0.0302300,0.0303340,92387.2706690
1790589060000,0.0303340,0.0305870,0.0302940,0.0305460,79329.7528490
1790589120000,0.0305490,0.0305830,0.0304460,0.0304840,45027.2760560
1790589180000,0.0304880,0.0305340,0.0303870,0.0304400,50522.4022880
1790589240000,0.0304400,0.0304470,0.0302790,0.0303310,47646.2453750
1790589300000,0.0303460,0.0304060,0.0302260,0.0302800,42642.2115620
1790589360000,0.0302750,0.0303420,0.0302290,0.0302780,28962.0854670
1790589420000,0.0302860,0.0303100,0.0301240,0.0302210,56852.3506700
1790589480000,0.0302220,0.0302630,0.0301310,0.0301640,33621.5061800
1790589540000,0.0301700,0.0302550,0.0301510,0.0302340,26807.4303120
1790589600000,0.0302390,0.0303750,0.0301480,0.0301780,56597.7331240
1790589660000,0.0301760,0.0302280,0.0301230,0.0301880,38776.6493950
1790589720000,0.0301870,0.0303180,0.0301350,0.0302370,28022.3406100
1790589780000,0.0302450,0.0302610,0.0300060,0.0300370,49487.3811560
1790589840000,0.0300350,0.0300350,0.0298930,0.0300080,39469.0009350
1790589900000,0.0300150,0.0301660,0.0299630,0.0301470,27375.8276130
1790589960000,0.0301410,0.0302040,0.0300500,0.0301960,25814.9601070
1790590020000,0.0301970,0.0302240,0.0299880,0.0300450,89550.9091020
1790590080000,0.0300450,0.0301910,0.0298920,0.0301770,89112.1398680
1790590140000,0.0301760,0.0302660,0.0301330,0.0301420,33707.1198950
1790590200000,0.0301350,0.0303350,0.0300700,0.0303330,27835.4879150
1790590260000,0.0303300,0.0304900,0.0303020,0.0304830,33511.2197350
1790590320000,0.0304820,0.0306100,0.0304740,0.0305310,55436.1271900
1790590380000,0.0305240,0.0305270,0.0303360,0.0304140,43081.9831980
1790590440000,0.0304010,0.0305000,0.0303940,0.0304130,21810.0938110
1790590500000,0.0304170,0.0304480,0.0302120,0.0302490,30123.6792520
1790590560000,0.0302490,0.0302710,0.0300320,0.0300900,28137.3280800
1790590620000,0.0300880,0.0301770,0.0299350,0.0299470,58443.1220950
1790590680000,0.0299470,0.0300030,0.0298970,0.0299310,38582.6558860
1790590740000,0.0299140,0.0300230,0.0298760,0.0299030,40717.5617440
1790590800000,0.0299020,0.0300040,0.0298940,0.0299040,21621.3403590
1790590860000,0.0299040,0.0299510,0.0297260,0.0298940,25271.4470160
1790590920000,0.0298930,0.0299160,0.0298300,0.0299100,17642.6120710
1790590980000,0.0299150,0.0300870,0.0299010,0.0300690,36454.4528220
1790591040000,0.0300670,0.0301690,0.0300300,0.0301480,29067.8420740
1790591100000,0.0301490,0.0301490,0.0300340,0.0300630,14519.6359210
1790591160000,0.0300630,0.0300820,0.0300310,0.0300630,7793.8631300
1790591220000,0.0300630,0.0301060,0.0299940,0.0300750,14682.4178700
1790591280000,0.0300710,0.0301110,0.0300320,0.0300740,21102.7441300
1790591340000,0.0300820,0.0301700,0.0300560,0.0300880,22880.7397170
1790591400000,0.0300910,0.0300970,0.0300210,0.0300550,10900.3978950
1790591460000,0.0300580,0.0301510,0.0300270,0.0301480,27691.0272200
1790591520000,0.0301490,0.0301500,0.0300470,0.0300650,13114.6556650
1790591580000,0.0300650,0.0301970,0.0300190,0.0301820,43907.8633140
1790591640000,0.0301810,0.0302090,0.0301220,0.0301650,24061.7035390
1790591700000,0.0301650,0.0302960,0.0301350,0.0302070,23574.7033500
1790591760000,0.0301860,0.0303400,0.0301700,0.0303320,33142.6884360
1790591820000,0.0303370,0.0304350,0.0302290,0.0302410,56123.4014410
1790591880000,0.0302450,0.0302750,0.0302050,0.0302220,12343.0725080
1790591940000,0.0302220,0.0302990,0.0301780,0.0302340,12557.8618670
1790592000000,0.0302330,0.0302660,0.0301830,0.0302470,11728.3673760
1790592060000,0.0302460,0.0302800,0.0302050,0.0302420,14316.7764400
1790592120000,0.0302420,0.0302420,0.0300410,0.0300530,22542.5715950
1790592180000,0.0300600,0.0301050,0.0299270,0.0299440,39904.6155420
1790592240000,0.0299450,0.0299640,0.0298050,0.0299200,47007.8950550
1790592300000,0.0299230,0.0300030,0.0298970,0.0299810,24024.3151790
1790592360000,0.0299870,0.0301050,0.0299870,0.0300910,22607.9117330
1790592420000,0.0300860,0.0301140,0.0299860,0.0300120,22495.2624820
1790592480000,0.0300120,0.0300960,0.0299740,0.0300660,36516.3555650
1790592540000,0.0300660,0.0300710,0.0299200,0.0299640,15786.4741380
1790592600000,0.0299630,0.0299870,0.0298980,0.0299510,13046.6990590
1790592660000,0.0299520,0.0300190,0.0299510,0.0299600,16365.3445810
1790592720000,0.0299600,0.0300150,0.0299290,0.0300010,11013.6856930
1790592780000,0.0299960,0.0300040,0.0299110,0.0299910,15318.1937340
1790592840000,0.0299900,0.0301000,0.0299900,0.0300360,25984.2063780
1790592900000,0.0300370,0.0301110,0.0300370,0.0300730,17429.9766460
1790592960000,0.0300780,0.0300920,0.0300250,0.0300810,17844.7961310
1790593020000,0.0300830,0.0301330,0.0300610,0.0301220,20806.5866040
1790593080000,0.0301250,0.0302230,0.0301100,0.0301130,44480.0164730
1790593140000,0.0301170,0.0301170,0.0300310,0.0300730,11110.5082950
1790593200000,0.0300780,0.0302250,0.0300780,0.0301970,29843.9080470
1790593260000,0.0301930,0.0302560,0.0300670,0.0301010,46729.7412300
1790593320000,0.0301000,0.0303790,0.0301000,0.0303360,49402.0814470
1790593380000,0.0303360,0.0304630,0.0302640,0.0303990,76049.0278960
1790593440000,0.0303990,0.0304770,0.0303570,0.0304240,46587.3497190
1790593500000,0.0304310,0.0304360,0.0301600,0.0302580,56782.5920550
1790593560000,0.0302580,0.0303280,0.0302460,0.0303280,10952.2251200
1790593620000,0.0303280,0.0304390,0.0302830,0.0302830,25620.3275880
1790593680000,0.0302820,0.0303450,0.0301930,0.0303450,21151.8567990
1790593740000,0.0303440,0.0303460,0.0302050,0.0302050,12673.9164800
1790593800000,0.0302050,0.0302690,0.0302000,0.0302530,13064.7287940
1790593860000,0.0302540,0.0303040,0.0301390,0.0301430,31755.6449840
1790593920000,0.0301430,0.0301580,0.0300510,0.0301020,24553.2751060
1790593980000,0.0301020,0.0301060,0.0300000,0.0300370,25704.7171990
1790594040000,0.0300300,0.0301120,0.0300000,0.0300970,22431.3305620
1790594100000,0.0301030,0.0301390,0.0300540,0.0300970,26904.7647130
1790594160000,0.0300970,0.0301570,0.0300880,0.0301450,14805.2760060
1790594220000,0.0301410,0.0301680,0.0300320,0.0300830,24865.5755890
1790594280000,0.0300770,0.0300830,0.0300260,0.0300700,19199.4295570
1790594340000,0.0300710,0.0301780,0.0300420,0.0301620,35057.2881140
1790594400000,0.0301630,0.0302870,0.0301320,0.0301520,53001.2089340
1790594460000,0.0301540,0.0301900,0.0300710,0.0301850,23087.6245710
1790594520000,0.0301910,0.0302470,0.0301630,0.0302160,32064.7535100
1790594580000,0.0302140,0.0302190,0.0301010,0.0301370,23772.0280160
1790594640000,0.0301390,0.0301540,0.0299540,0.0300060,51282.7215220
1790594700000,0.0300070,0.0300180,0.0298910,0.0299420,84290.4797640
1790594760000,0.0299430,0.0300020,0.0299020,0.0299900,34717.7263310
1790594820000,0.0299970,0.0300230,0.0299670,0.0299770,19796.4880720
1790594880000,0.0299800,0.0300210,0.0299250,0.0300080,15347.1424770
1790594940000,0.0300080,0.0300490,0.0299230,0.0299400,31742.1276700
1790595000000,0.0299400,0.0301600,0.0299250,0.0300840,32616.4859220
1790595060000,0.0300860,0.0301210,0.0300220,0.0301180,21710.1625130
1790595120000,0.0301160,0.0302670,0.0301040,0.0301920,54346.4828130
1790595180000,0.0301860,0.0302720,0.0301620,0.0301620,46620.6316620
1790595240000,0.0301630,0.0302340,0.0301630,0.0301890,14729.8192020
1790595300000,0.0301900,0.0303400,0.0301820,0.0302920,22864.8830220
1790595360000,0.0302920,0.0303480,0.0302830,0.0303290,21327.0109320
1790595420000,0.0303300,0.0304320,0.0302630,0.0303950,63861.7310040
1790595480000,0.0303970,0.0304580,0.0303080,0.0303530,35814.1060000
1790595540000,0.0303530,0.0304210,0.0302870,0.0304130,24539.5540220
1790595600000,0.0304120,0.0304950,0.0303730,0.0304930,31467.9198340
1790595660000,0.0304930,0.0308250,0.0304930,0.0307640,149673.8905140
1790595720000,0.0307640,0.0310870,0.0307600,0.0309160,250009.5897680
1790595780000,0.0309160,0.0309980,0.0308140,0.0309590,83607.5832260
1790595840000,0.0309540,0.0310040,0.0307310,0.0308020,74352.2313400
1790595900000,0.0308020,0.0308890,0.0306270,0.0307000,93902.3830240
1790595960000,0.0307060,0.0307750,0.0306300,0.0307040,46645.9137940
1790596020000,0.0307020,0.0308050,0.0306660,0.0307850,33197.4083960
1790596080000,0.0307870,0.0309480,0.0306820,0.0307460,65844.4557230
1790596140000,0.0307480,0.0309540,0.0307370,0.0308610,31585.2784090
1790596200000,0.0308650,0.0309280,0.0308380,0.0308630,48157.7006430
1790596260000,0.0308490,0.0308590,0.0307180,0.0307550,32325.8869240
1790596320000,0.0307550,0.0307580,0.0305470,0.0305960,39933.1151340
1790596380000,0.0305960,0.0308380,0.0305650,0.0308380,28602.9022520
1790596440000,0.0308370,0.0328500,0.0308260,0.0322020,1242715.9275750
1790596500000,0.0322020,0.0322980,0.0316840,0.0317520,289363.9495190
1790596560000,0.0317610,0.0318440,0.0314080,0.0316160,150498.9710930
1790596620000,0.0316170,0.0317290,0.0315320,0.0316540,97569.6167500
1790596680000,0.0316620,0.0317720,0.0315880,0.0316030,107020.0854000
1790596740000,0.0316030,0.0317710,0.0315420,0.0316590,52005.8692020
1790596800000,0.0316630,0.0317550,0.0314180,0.0315890,131263.0569180
1790596860000,0.0315900,0.0321060,0.0315620,0.0318620,214532.4724350
1790596920000,0.0318610,0.0319280,0.0316780,0.0317700,128648.1618020
1790596980000,0.0317710,0.0318710,0.0317080,0.0317340,69655.6121410
1790597040000,0.0317310,0.0318730,0.0316340,0.0316520,60886.5943620
1790597100000,0.0316490,0.0317880,0.0315990,0.0317410,66349.6518950
1790597160000,0.0317380,0.0318280,0.0316430,0.0318000,70275.5062650
1790597220000,0.0317960,0.0317970,0.0316590,0.0316590,64954.9869990
1790597280000,0.0316590,0.0316710,0.0315200,0.0316520,60583.6172720
1790597340000,0.0316530,0.0317370,0.0315720,0.0316400,70030.7807430
1790597400000,0.0316470,0.0318770,0.0316070,0.0317770,90759.5619650
1790597460000,0.0317810,0.0318350,0.0316500,0.0317220,60306.4910180
1790597520000,0.0317120,0.0317960,0.0316370,0.0316810,37503.8496240
1790597580000,0.0316860,0.0316860,0.0315010,0.0316370,56086.1632010
1790597640000,0.0316360,0.0318410,0.0315710,0.0317850,49342.0478360
1790597700000,0.0317840,0.0318670,0.0317250,0.0317510,44654.6210130
1790597760000,0.0317570,0.0319070,0.0316940,0.0318970,31569.1361810
1790597820000,0.0318970,0.0319980,0.0318380,0.0318890,92888.5673420
1790597880000,0.0318890,0.0319720,0.0317630,0.0318220,42421.5697840
1790597940000,0.0318220,0.0319360,0.0317550,0.0317630,37268.0114680
1790598000000,0.0317550,0.0318150,0.0317320,0.0317800,24469.1506700
1790598060000,0.0317800,0.0319060,0.0317440,0.0318560,40976.1827240
1790598120000,0.0318670,0.0320750,0.0318660,0.0319420,96600.2237070
1790598180000,0.0319420,0.0319600,0.0318070,0.0318220,38863.3302040
1790598240000,0.0318190,0.0318350,0.0313950,0.0315330,123337.8911630
1790598300000,0.0315440,0.0316400,0.0314750,0.0315490,58394.4181480
1790598360000,0.0315530,0.0317540,0.0315350,0.0316620,59056.1043580
1790598420000,0.0316670,0.0316810,0.0314600,0.0314770,56113.2438860
1790598480000,0.0314770,0.0315930,0.0314680,0.0314830,43575.0846450
1790598540000,0.0314810,0.0315270,0.0314300,0.0314920,37412.8189120
1790598600000,0.0314970,0.0316960,0.0314970,0.0315680,42815.0345820
1790598660000,0.0315740,0.0315960,0.0314940,0.0315090,24948.8659540
1790598720000,0.0315180,0.0315380,0.0312970,0.0314030,71999.7386010
1790598780000,0.0313940,0.0315150,0.0313360,0.0315150,44780.5848510
1790598840000,0.0315120,0.0315390,0.0314470,0.0315200,28925.5404080
1790598900000,0.0315220,0.0320290,0.0315220,0.0319670,162774.9185580
1790598960000,0.0319680,0.0320700,0.0319270,0.0320080,48737.0823090
1790599020000,0.0320080,0.0320080,0.0318510,0.0318600,34625.5222560
1790599080000,0.0318570,0.0319050,0.0317540,0.0317710,18094.3116380
1790599140000,0.0317830,0.0318340,0.0316830,0.0317060,42748.4881410
1790599200000,0.0316960,0.0317280,0.0316510,0.0317070,25443.8432350
1790599260000,0.0317060,0.0318380,0.0316440,0.0316680,35846.1860310
1790599320000,0.0316670,0.0317210,0.0316060,0.0316430,26191.4253510
1790599380000,0.0316460,0.0316710,0.0314400,0.0314470,57069.0669850
1790599440000,0.0314460,0.0314480,0.0312250,0.0313230,86888.1504690
1790599500000,0.0313250,0.0314280,0.0312740,0.0313370,37471.2838590
1790599560000,0.0313520,0.0314690,0.0311300,0.0312720,96524.8667160
1790599620000,0.0312710,0.0313280,0.0312160,0.0313010,45791.5386850
1790599680000,0.0312980,0.0313310,0.0312150,0.0312370,19427.3431600
1790599740000,0.0312370,0.0312810,0.0311710,0.0312360,21275.4598850
1790599800000,0.0312330,0.0312410,0.0310890,0.0311000,38961.1355000
1790599860000,0.0311100,0.0313050,0.0310380,0.0312950,54406.9994900
1790599920000,0.0313000,0.0313770,0.0312410,0.0312720,33221.5083480
1790599980000,0.0312720,0.0312720,0.0311000,0.0311610,42329.3320270
1790600040000,0.0311680,0.0311780,0.0308510,0.0309330,141438.6733990
1790600100000,0.0309200,0.0310040,0.0308150,0.0309080,74237.7963520
1790600160000,0.0309040,0.0309440,0.0307480,0.0308040,52658.4918420
1790600220000,0.0308040,0.0308720,0.0307940,0.0308310,31372.5979030
1790600280000,0.0308190,0.0308600,0.0307980,0.0308300,19625.7244160
1790600340000,0.0308380,0.0308610,0.0306490,0.0306920,37388.5847770
1790600400000,0.0306910,0.0307410,0.0306410,0.0306720,42385.4939050
1790600460000,0.0306880,0.0307210,0.0303180,0.0303520,137420.8584290
1790600520000,0.0303520,0.0304850,0.0302220,0.0303370,122363.1886500
1790600580000,0.0303370,0.0303790,0.0300950,0.0301650,126592.4194280
1790600640000,0.0301640,0.0301910,0.0300500,0.0301800,59314.9170180
1790600700000,0.0301800,0.0302280,0.0300740,0.0300900,56790.7111660
1790600760000,0.0300930,0.0302140,0.0300510,0.0301680,49903.2150360
1790600820000,0.0301680,0.0303560,0.0301400,0.0303060,96399.2279520
1790600880000,0.0303140,0.0306210,0.0303030,0.0306050,120696.2487610
1790600940000,0.0306060,0.0308120,0.0306000,0.0307040,64965.0311680
1790601000000,0.0307110,0.0307500,0.0304620,0.0305770,47414.2616150
1790601060000,0.0305670,0.0306750,0.0305440,0.0306240,39329.8710990
1790601120000,0.0306240,0.0310800,0.0304310,0.0309730,90841.9663220
1790601180000,0.0309900,0.0312190,0.0307720,0.0310870,66165.7700830
1790601240000,0.0310950,0.0314840,0.0310950,0.0314090,156006.3495570
1790601300000,0.0314100,0.0316160,0.0312760,0.0315950,100168.4926980
1790601360000,0.0315960,0.0318710,0.0315350,0.0317610,184759.6450590
1790601420000,0.0317620,0.0320440,0.0317150,0.0319450,192802.2303010
1790601480000,0.0319460,0.0320440,0.0317850,0.0317900,118703.4511700
1790601540000,0.0317910,0.0319500,0.0316660,0.0318670,67726.2779990
1790601600000,0.0318650,0.0318650,0.0315600,0.0316420,99147.2506700
1790601660000,0.0316420,0.0317410,0.0315780,0.0316100,50478.9754040
1790601720000,0.0316180,0.0316590,0.0314130,0.0314850,61191.3691570
1790601780000,0.0314860,0.0316620,0.0314140,0.0315100,37587.4390580
1790601840000,0.0315110,0.0315390,0.0314440,0.0315280,20390.5877710
1790601900000,0.0315250,0.0316950,0.0314970,0.0316380,31291.9767010
1790601960000,0.0316500,0.0316560,0.0314510,0.0316010,48310.8535540
1790602020000,0.0316020,0.0317440,0.0315930,0.0316700,23222.9433550
1790602080000,0.0316800,0.0321500,0.0316310,0.0319280,135950.1048390
1790602140000,0.0319300,0.0319990,0.0318510,0.0318980,66898.6512320
1790602200000,0.0318860,0.0319620,0.0318250,0.0318250,43392.9898380
1790602260000,0.0318250,0.0319030,0.0318000,0.0318440,32518.6633090
1790602320000,0.0318430,0.0318880,0.0317690,0.0318590,41616.0244200
1790602380000,0.0318590,0.0319520,0.0318100,0.0318530,51848.5914500
1790602440000,0.0318530,0.0318960,0.0317500,0.0318460,43743.9365070
1790602500000,0.0318470,0.0321900,0.0318470,0.0319760,75658.4997280
1790602560000,0.0319830,0.0320570,0.0315520,0.0317080,156524.6046070
1790602620000,0.0317120,0.0318420,0.0316780,0.0317630,44120.7217150
1790602680000,0.0317830,0.0318120,0.0317030,0.0317410,27472.2246700
1790602740000,0.0317410,0.0318290,0.0315970,0.0317020,31159.8327770
1790602800000,0.0317010,0.0318510,0.0316890,0.0317720,20294.7145520
1790602860000,0.0317760,0.0318330,0.0316980,0.0318050,32543.4852920
1790602920000,0.0318040,0.0318560,0.0316960,0.0317650,16967.2416720
1790602980000,0.0317650,0.0318610,0.0317620,0.0318450,18620.0417220
1790603040000,0.0318460,0.0319020,0.0317980,0.0318920,29938.6454700
1790603100000,0.0318920,0.0319550,0.0318190,0.0318190,28164.5323620
1790603160000,0.0318190,0.0318330,0.0317440,0.0318010,22531.7083760
1790603220000,0.0318050,0.0318060,0.0316830,0.0317340,26052.8667300
1790603280000,0.0317350,0.0317950,0.0317350,0.0317950,20554.1842820
1790603340000,0.0317900,0.0318160,0.0316930,0.0317010,35501.5726240
1790603400000,0.0317030,0.0318320,0.0316680,0.0318200,25739.7284470
1790603460000,0.0318200,0.0318900,0.0317240,0.0317740,27579.7196570
1790603520000,0.0317700,0.0317880,0.0316030,0.0316500,22328.0461860
1790603580000,0.0316510,0.0319010,0.0316510,0.0318590,32730.3865910
1790603640000,0.0318650,0.0320550,0.0318650,0.0320080,62693.1719950
1790603700000,0.0320060,0.0320410,0.0319100,0.0319580,43303.2804050
1790603760000,0.0319590,0.0320980,0.0319570,0.0320590,51478.5681690
1790603820000,0.0320600,0.0320850,0.0319870,0.0320230,23249.9929470
1790603880000,0.0320350,0.0321680,0.0319930,0.0320760,35007.3853400
1790603940000,0.0320750,0.0321290,0.0319130,0.0320100,45686.9038430
1790604000000,0.0320060,0.0325010,0.0319460,0.0322370,168971.1811020
1790604060000,0.0322370,0.0322590,0.0321080,0.0321620,51763.4595180
1790604120000,0.0321650,0.0322960,0.0321650,0.0322380,59097.6780610
1790604180000,0.0322350,0.0324660,0.0322090,0.0324210,96351.5860440
1790604240000,0.0324210,0.0324320,0.0321680,0.0321910,61790.4470930
1790604300000,0.0321940,0.0322340,0.0320020,0.0321230,76876.6638790
1790604360000,0.0321130,0.0322500,0.0318080,0.0319960,97116.4369780
1790604420000,0.0319970,0.0322560,0.0319940,0.0321320,67050.7677830
1790604480000,0.0321310,0.0321720,0.0320000,0.0321430,31930.0713080
1790604540000,0.0321440,0.0321630,0.0320860,0.0321190,22107.7787490
1790604600000,0.0321280,0.0321630,0.0320190,0.0320610,35242.4682670
1790604660000,0.0320750,0.0321370,0.0320420,0.0321320,14611.8595430
1790604720000,0.0321300,0.0322150,0.0320840,0.0322100,35854.7908670
1790604780000,0.0322040,0.0322150,0.0321060,0.0321310,27349.0020960
1790604840000,0.0321250,0.0321470,0.0320250,0.0321460,46707.8271920
1790604900000,0.0321380,0.0321460,0.0319740,0.0319740,29075.9724270
1790604960000,0.0319770,0.0319960,0.0318070,0.0318230,64551.1631610
1790605020000,0.0318320,0.0319180,0.0317810,0.0318070,34906.4838880
1790605080000,0.0318100,0.0318480,0.0316560,0.0318360,53856.5015810
1790605140000,0.0318440,0.0319490,0.0317740,0.0318680,66352.3038620
1790605200000,0.0318680,0.0320750,0.0318640,0.0320350,37963.2051460
1790605260000,0.0320360,0.0320910,0.0319060,0.0319070,26377.3710820
1790605320000,0.0319060,0.0319210,0.0316410,0.0317460,59288.4083230
1790605380000,0.0317460,0.0317640,0.0314390,0.0316770,105086.6356580
1790605440000,0.0316790,0.0317330,0.0315430,0.0316000,21281.7371880
1790605500000,0.0316000,0.0316660,0.0314770,0.0315540,60125.9241320
1790605560000,0.0315540,0.0317490,0.0315530,0.0316280,45712.4550190
1790605620000,0.0316330,0.0316730,0.0314890,0.0314930,22325.2409500
1790605680000,0.0314940,0.0315250,0.0313460,0.0313920,54478.1217370
1790605740000,0.0313810,0.0313890,0.0311760,0.0313000,70421.2167090
1790605800000,0.0313060,0.0315400,0.0313060,0.0315400,44547.0889370
1790605860000,0.0315400,0.0315840,0.0315020,0.0315340,36777.0790910
1790605920000,0.0315310,0.0316020,0.0314330,0.0314400,43248.7990980
1790605980000,0.0314400,0.0314400,0.0311180,0.0311860,93744.9785800
1790606040000,0.0311750,0.0312440,0.0310760,0.0312330,70840.1063380
1790606100000,0.0312330,0.0312520,0.0310770,0.0312010,50542.1316070
1790606160000,0.0311980,0.0313920,0.0311870,0.0312070,50949.9930760
1790606220000,0.0312050,0.0312320,0.0310610,0.0311400,35170.1590580
1790606280000,0.0311420,0.0312190,0.0311370,0.0311990,21401.7620790
1790606340000,0.0312010,0.0312490,0.0311120,0.0311410,42472.9118850
1790606400000,0.0311360,0.0313060,0.0310350,0.0312580,33192.2600420
1790606460000,0.0312590,0.0312600,0.0311470,0.0311880,18158.5403460
1790606520000,0.0311880,0.0312990,0.0311040,0.0312680,39232.8930600
1790606580000,0.0312680,0.0313930,0.0312370,0.0313760,34695.4266390
1790606640000,0.0313770,0.0315260,0.0313630,0.0314880,64642.1096180
1790606700000,0.0314770,0.0315400,0.0313550,0.0313570,32865.0550050
1790606760000,0.0313590,0.0313790,0.0312520,0.0313230,36115.5487910
1790606820000,0.0313220,0.0313610,0.0312560,0.0313560,17176.9612930
1790606880000,0.0313620,0.0315970,0.0313620,0.0315580,30381.5075110
1790606940000,0.0315700,0.0315700,0.0314360,0.0314850,23307.1456740
1790607000000,0.0314690,0.0314930,0.0314210,0.0314590,14568.2600530
1790607060000,0.0314580,0.0315000,0.0314120,0.0314250,22540.5337280
1790607120000,0.0314250,0.0315090,0.0313390,0.0313730,36767.9014180
1790607180000,0.0313700,0.0314250,0.0312460,0.0313710,54570.3593750
1790607240000,0.0313820,0.0314000,0.0312700,0.0312760,12394.2067060
1790607300000,0.0312750,0.0314160,0.0312750,0.0313590,21630.6271110
1790607360000,0.0313600,0.0315190,0.0313450,0.0314600,29958.9355900
1790607420000,0.0314600,0.0314600,0.0313140,0.0313320,12582.4377780
1790607480000,0.0313340,0.0313700,0.0313190,0.0313330,21036.5470380
1790607540000,0.0313420,0.0314120,0.0313420,0.0314060,11757.0906470
1790607600000,0.0314070,0.0314660,0.0309700,0.0311520,57016.0683100
1790607660000,0.0311440,0.0312190,0.0310460,0.0311150,37149.0406800
1790607720000,0.0311150,0.0311270,0.0309610,0.0309820,67469.1130970
1790607780000,0.0309830,0.0311810,0.0309140,0.0311150,67754.6771140
1790607840000,0.0311170,0.0311920,0.0309610,0.0309930,60583.8573190
1790607900000,0.0309930,0.0311210,0.0307420,0.0310320,97645.0118570
1790607960000,0.0310490,0.0311910,0.0310020,0.0311320,42355.2258110
1790608020000,0.0311330,0.0311710,0.0310620,0.0311080,26553.0304480
1790608080000,0.0311090,0.0312530,0.0310910,0.0311150,40997.7686710
1790608140000,0.0311170,0.0312250,0.0311170,0.0311730,23838.2809660
1790608200000,0.0311710,0.0313270,0.0311330,0.0311430,49705.2080380
1790608260000,0.0311470,0.0312110,0.0309590,0.0311510,59994.9625430
1790608320000,0.0311510,0.0312030,0.0310590,0.0311800,46301.2330200
1790608380000,0.0311800,0.0311910,0.0309950,0.0311560,38330.9456740
1790608440000,0.0311590,0.0312310,0.0310710,0.0312280,31980.8473230
1790608500000,0.0312270,0.0312340,0.0311480,0.0311790,18138.2608390
1790608560000,0.0311790,0.0311790,0.0310300,0.0311030,36692.9944210
1790608620000,0.0310930,0.0311910,0.0310770,0.0311820,22857.5139730
1790608680000,0.0311830,0.0313320,0.0311440,0.0312860,27102.0033530
1790608740000,0.0312940,0.0313270,0.0312040,0.0312370,25727.0282980
1790608800000,0.0312340,0.0313540,0.0311970,0.0312400,19598.4505660
1790608860000,0.0312410,0.0313680,0.0312410,0.0313550,20275.4978600
1790608920000,0.0313600,0.0313670,0.0311830,0.0311930,28456.5361930
1790608980000,0.0311920,0.0311920,0.0311090,0.0311180,22699.9032480
1790609040000,0.0311180,0.0313170,0.0311070,0.0312890,33272.8261600
1790609100000,0.0312900,0.0313380,0.0312110,0.0312600,28785.4207510
1790609160000,0.0312600,0.0312620,0.0309900,0.0310800,41587.4493810
1790609220000,0.0310780,0.0310920,0.0310030,0.0310490,23507.6793650
1790609280000,0.0310480,0.0311400,0.0310440,0.0310950,44279.5921360
1790609340000,0.0310940,0.0311220,0.0309420,0.0309700,31606.5868060
1790609400000,0.0309730,0.0310410,0.0309580,0.0309910,16305.3621030
1790609460000,0.0309820,0.0310110,0.0307070,0.0309320,157258.6745010
1790609520000,0.0309330,0.0310800,0.0309150,0.0310490,30799.1883830
1790609580000,0.0310400,0.0310400,0.0309050,0.0309610,24407.5309210
1790609640000,0.0309500,0.0309600,0.0308320,0.0309410,21781.7037340
1790609700000,0.0309370,0.0309480,0.0306010,0.0306970,78627.5800890
1790609760000,0.0306940,0.0308940,0.0306520,0.0308320,71626.4580550
1790609820000,0.0308230,0.0308770,0.0306320,0.0306820,61079.4101290
1790609880000,0.0306890,0.0308460,0.0306200,0.0307820,41696.4036110
1790609940000,0.0307820,0.0308630,0.0307360,0.0307670,41256.4133950
1790610000000,0.0307850,0.0308260,0.0307000,0.0307390,17972.8135290
1790610060000,0.0307390,0.0307920,0.0307010,0.0307880,13726.0962860
1790610120000,0.0307890,0.0307890,0.0306760,0.0307150,25339.9693020
1790610180000,0.0307160,0.0307230,0.0305780,0.0306520,40484.4842910
1790610240000,0.0306540,0.0307560,0.0306540,0.0307430,23786.3014810
1790610300000,0.0307450,0.0309500,0.0307350,0.0308900,57578.3072270
1790610360000,0.0308910,0.0309310,0.0308370,0.0309230,32732.5848360
1790610420000,0.0309240,0.0310300,0.0308510,0.0309860,55096.6163870
1790610480000,0.0309980,0.0312400,0.0309950,0.0312090,77619.0122130
1790610540000,0.0312040,0.0312980,0.0311390,0.0312770,47428.9061380
1790610600000,0.0312760,0.0315550,0.0311440,0.0313980,97158.1652080
1790610660000,0.0313970,0.0314690,0.0313380,0.0313540,51070.5448150
1790610720000,0.0313520,0.0314420,0.0312710,0.0314280,47201.7366880
1790610780000,0.0314290,0.0315090,0.0313340,0.0313340,64291.0117780
1790610840000,0.0313330,0.0314230,0.0313330,0.0313500,18941.9907830
1790610900000,0.0313400,0.0313400,0.0312560,0.0312700,19305.4161370
1790610960000,0.0312770,0.0312840,0.0311040,0.0311100,31453.9605800
1790611020000,0.0311050,0.0313000,0.0310980,0.0311750,36107.0332660
1790611080000,0.0311930,0.0311950,0.0311060,0.0311700,14981.8599600
1790611140000,0.0311740,0.0312590,0.0311740,0.0312040,25383.8400680
1790611200000,0.0312070,0.0313550,0.0312070,0.0312970,48205.6953260
1790611260000,0.0312930,0.0317350,0.0312860,0.0316580,168188.3899010
1790611320000,0.0316720,0.0319090,0.0316090,0.0316450,179123.3340050
1790611380000,0.0316380,0.0321410,0.0314310,0.0319310,224234.4290060
1790611440000,0.0319320,0.0319940,0.0316500,0.0316520,84100.1533520
1790611500000,0.0316670,0.0318440,0.0314450,0.0315100,65418.1730630
1790611560000,0.0315110,0.0315360,0.0313460,0.0313710,65661.1485800
1790611620000,0.0313710,0.0314740,0.0312280,0.0312560,33345.8505010
1790611680000,0.0312570,0.0312800,0.0309150,0.0310840,103456.0675280
1790611740000,0.0310890,0.0311020,0.0309000,0.0309140,69536.4227990
1790611800000,0.0309220,0.0315080,0.0307740,0.0312950,175153.1991290
1790611860000,0.0313030,0.0317020,0.0312890,0.0313460,62223.2450690
1790611920000,0.0313400,0.0314610,0.0312480,0.0313010,37676.4334260
1790611980000,0.0312990,0.0314690,0.0312970,0.0314400,32354.9011270
1790612040000,0.0314470,0.0315640,0.0313760,0.0314310,35802.6437670
1790612100000,0.0314320,0.0316100,0.0313910,0.0315670,35370.0680730
1790612160000,0.0315660,0.0316330,0.0314690,0.0314830,46965.9593850
1790612220000,0.0314680,0.0314920,0.0313690,0.0314350,32325.7702900
1790612280000,0.0314360,0.0315830,0.0313920,0.0315340,42889.4816680
1790612340000,0.0315290,0.0317740,0.0315150,0.0316920,77707.4146740
1790612400000,0.0316950,0.0317590,0.0315340,0.0315540,37956.8557220
1790612460000,0.0315410,0.0315670,0.0314540,0.0315580,21645.0913100
1790612520000,0.0315560,0.0317320,0.0315190,0.0317010,33203.9592320
1790612580000,0.0317010,0.0319140,0.0316820,0.0317470,55168.4250960
1790612640000,0.0317460,0.0320110,0.0317460,0.0319770,57921.4589070
1790612700000,0.0319770,0.0320720,0.0318830,0.0319750,54754.5660260
1790612760000,0.0319780,0.0320690,0.0319560,0.0320240,47955.4520610
1790612820000,0.0320360,0.0320660,0.0318160,0.0319380,49594.1965310
1790612880000,0.0319450,0.0319890,0.0318780,0.0319790,33757.7982840
1790612940000,0.0319800,0.0320950,0.0319300,0.0319360,61066.8728630
1790613000000,0.0319350,0.0319650,0.0317720,0.0318550,57839.8834010
1790613060000,0.0318580,0.0318900,0.0317880,0.0318690,25902.5114810
1790613120000,0.0318700,0.0318700,0.0317070,0.0317500,37067.8414130
1790613180000,0.0317470,0.0317630,0.0316220,0.0316430,50228.0652330
1790613240000,0.0316430,0.0317290,0.0316180,0.0317150,30356.4083830
1790613300000,0.0317150,0.0318500,0.0316900,0.0317850,41570.0567710
1790613360000,0.0317840,0.0317930,0.0316500,0.0316740,17023.8044490
1790613420000,0.0316750,0.0316750,0.0315230,0.0315480,45537.1866920
1790613480000,0.0315540,0.0315840,0.0314500,0.0314680,24935.3956310
1790613540000,0.0314690,0.0315470,0.0314120,0.0314520,44677.4933950
1790613600000,0.0314510,0.0314890,0.0314000,0.0314260,22725.9873800
1790613660000,0.0314290,0.0316540,0.0314250,0.0316290,21146.9893790
1790613720000,0.0316340,0.0316610,0.0315410,0.0316280,17045.5805760
1790613780000,0.0316340,0.0317060,0.0315580,0.0315920,14967.8887470
1790613840000,0.0315930,0.0316940,0.0315330,0.0315440,32078.3580590
1790613900000,0.0315460,0.0316490,0.0315430,0.0315450,20699.5329240
1790613960000,0.0315460,0.0317820,0.0314910,0.0316220,26945.9615350
1790614020000,0.0316300,0.0316540,0.0315060,0.0315060,17688.7301480
1790614080000,0.0315120,0.0316410,0.0314820,0.0316230,28111.7037360
1790614140000,0.0316210,0.0318470,0.0316070,0.0318340,35793.8287950
1790614200000,0.0318430,0.0319260,0.0317140,0.0319190,36934.0339450
1790614260000,0.0319180,0.0321000,0.0317870,0.0320470,56919.5274230
1790614320000,0.0320480,0.0321070,0.0319120,0.0319250,50762.4736440
1790614380000,0.0319310,0.0320970,0.0319310,0.0320650,32122.6649190
1790614440000,0.0320650,0.0321900,0.0319950,0.0320370,53961.4251110
1790614500000,0.0320360,0.0320360,0.0319110,0.0319780,26175.5302900
1790614560000,0.0319820,0.0323100,0.0319400,0.0322400,90720.9817060
1790614620000,0.0322460,0.0322920,0.0320950,0.0321310,32782.1872500
1790614680000,0.0321310,0.0322170,0.0321240,0.0321870,26776.7573500
1790614740000,0.0321860,0.0323850,0.0321610,0.0323320,65930.8508600
1790614800000,0.0323320,0.0324730,0.0323240,0.0323980,110902.7058000
1790614860000,0.0323980,0.0324830,0.0323320,0.0324060,99669.3247910
1790614920000,0.0324070,0.0324860,0.0322330,0.0322910,105694.7210980
1790614980000,0.0322800,0.0323250,0.0321510,0.0322900,67115.9484690
1790615040000,0.0322900,0.0323000,0.0321990,0.0322490,39944.6141940
1790615100000,0.0322500,0.0322760,0.0321270,0.0322490,37536.5560200
1790615160000,0.0322480,0.0322660,0.0321650,0.0321680,34876.6363390
1790615220000,0.0321670,0.0322770,0.0321600,0.0322270,24873.6973720
1790615280000,0.0322270,0.0322660,0.0318520,0.0320720,118355.4793070
1790615340000,0.0320720,0.0321280,0.0319790,0.0319790,24506.7787170
1790615400000,0.0319810,0.0319940,0.0317870,0.0317910,58508.8824720
1790615460000,0.0317870,0.0320040,0.0317180,0.0319870,47138.5150130
1790615520000,0.0319890,0.0319900,0.0318630,0.0318940,37365.3372880
1790615580000,0.0318930,0.0320270,0.0318790,0.0319280,77598.5769860
1790615640000,0.0319320,0.0319630,0.0317930,0.0318320,33863.1937630
1790615700000,0.0318310,0.0319190,0.0318200,0.0318290,37335.3773480
1790615760000,0.0318390,0.0319200,0.0317870,0.0318200,31135.6631910
1790615820000,0.0318150,0.0318920,0.0317880,0.0318080,21288.0359250
1790615880000,0.0318040,0.0319780,0.0317980,0.0319160,35698.8725460
1790615940000,0.0319130,0.0320390,0.0318930,0.0319560,18623.4555320
1790616000000,0.0319560,0.0320750,0.0319520,0.0320050,41140.7768040
1790616060000,0.0320040,0.0321220,0.0320040,0.0320640,25365.5957950
1790616120000,0.0320650,0.0320850,0.0319750,0.0319750,22825.9231080
1790616180000,0.0319800,0.0319800,0.0318360,0.0318720,22400.5461360
1790616240000,0.0318600,0.0319890,0.0318600,0.0319010,19868.2049300
1790616300000,0.0319060,0.0319240,0.0318060,0.0319240,26596.0606930
1790616360000,0.0319230,0.0320720,0.0319230,0.0320450,33206.8208690
1790616420000,0.0320390,0.0320910,0.0319970,0.0320500,13600.0534910
1790616480000,0.0320500,0.0320850,0.0320040,0.0320040,10661.1021430
1790616540000,0.0320030,0.0320760,0.0319750,0.0320680,18425.4023370
1790616600000,0.0320670,0.0322220,0.0320610,0.0321810,29334.0845050
1790616660000,0.0321820,0.0322370,0.0321360,0.0321510,21184.4522950
1790616720000,0.0321500,0.0321700,0.0320560,0.0321700,38172.6562920
1790616780000,0.0321670,0.0321900,0.0320780,0.0321670,25861.9226680
1790616840000,0.0321690,0.0321910,0.0319750,0.0319970,78658.9868690
1790616900000,0.0319920,0.0320850,0.0319790,0.0320730,20160.9768940
1790616960000,0.0320700,0.0321860,0.0320480,0.0321580,13809.2895110
1790617020000,0.0321700,0.0327000,0.0321560,0.0326500,239168.4965320
1790617080000,0.0326510,0.0327180,0.0324480,0.0325450,67060.7682940
1790617140000,0.0325470,0.0327030,0.0325400,0.0326530,61354.9726310
1790617200000,0.0326530,0.0329460,0.0326000,0.0326200,102615.4247570
1790617260000,0.0326200,0.0326850,0.0324710,0.0326250,55736.2963370
1790617320000,0.0326260,0.0327810,0.0325800,0.0327280,86352.7240630
1790617380000,0.0327280,0.0332170,0.0327190,0.0328770,332874.5899200
1790617440000,0.0328840,0.0330760,0.0328570,0.0329350,107126.2611650
1790617500000,0.0329350,0.0330850,0.0329350,0.0329510,42316.5794610
1790617560000,0.0329480,0.0330080,0.0328330,0.0328930,53482.0051840
1790617620000,0.0328850,0.0329010,0.0326490,0.0326850,68453.7536970
1790617680000,0.0326790,0.0327030,0.0324890,0.0325140,92760.8597260
1790617740000,0.0325090,0.0325980,0.0322000,0.0323200,146310.9075480
1790617800000,0.0323230,0.0324600,0.0322210,0.0324390,40226.8643250
1790617860000,0.0324390,0.0326170,0.0324390,0.0325390,44860.3746150
1790617920000,0.0325380,0.0326180,0.0325230,0.0325800,13172.9940430
1790617980000,0.0325860,0.0326590,0.0325560,0.0325970,22666.5531330
1790618040000,0.0325970,0.0327100,0.0325640,0.0326360,19996.1025140
1790618100000,0.0326330,0.0326640,0.0325850,0.0326470,16007.2066200
1790618160000,0.0326510,0.0326750,0.0325700,0.0326240,40775.2782720
1790618220000,0.0326270,0.0326600,0.0325380,0.0325750,28156.0741710
1790618280000,0.0325670,0.0325990,0.0325320,0.0325690,10993.4411580
1790618340000,0.0325700,0.0326390,0.0325090,0.0326360,31602.3312710
1790618400000,0.0326360,0.0327940,0.0324550,0.0327940,81807.5067860
1790618460000,0.0327920,0.0327930,0.0322640,0.0325580,183781.7763820
1790618520000,0.0325520,0.0326050,0.0324300,0.0324340,49115.5327610
1790618580000,0.0324330,0.0325120,0.0322750,0.0323570,56481.1936250
1790618640000,0.0323570,0.0323570,0.0321360,0.0321660,48052.2489530
1790618700000,0.0321510,0.0323360,0.0321510,0.0322410,34251.2592520
1790618760000,0.0322400,0.0322400,0.0321110,0.0321110,15083.4241050
1790618820000,0.0321110,0.0322030,0.0320950,0.0321710,32958.5656330
1790618880000,0.0321700,0.0322410,0.0321420,0.0321930,11825.6928900
1790618940000,0.0321870,0.0322690,0.0321570,0.0322040,26056.6234420
1790619000000,0.0322080,0.0323420,0.0321900,0.0322870,40316.5882920
1790619060000,0.0322880,0.0324070,0.0322810,0.0323340,26977.1005900
1790619120000,0.0323350,0.0328150,0.0323350,0.0328150,87518.5529400
1790619180000,0.0328150,0.0329540,0.0326690,0.0329420,73927.0292050
1790619240000,0.0329470,0.0330020,0.0328390,0.0328830,53505.2352620
1790619300000,0.0328830,0.0329710,0.0326840,0.0327360,76010.7027220
1790619360000,0.0327230,0.0327850,0.0326750,0.0326950,16788.7446390
1790619420000,0.0326950,0.0328430,0.0326780,0.0327300,41222.2611470
1790619480000,0.0327350,0.0327450,0.0326440,0.0327120,24605.7379140
1790619540000,0.0327130,0.0327680,0.0326380,0.0327500,18867.6259910
1790619600000,0.0327600,0.0327790,0.0325540,0.0326130,28536.4150080
1790619660000,0.0326090,0.0326410,0.0325680,0.0326250,15392.1901610
1790619720000,0.0326240,0.0326240,0.0324880,0.0324960,19542.3400920
1790619780000,0.0324960,0.0324970,0.0323010,0.0323360,42154.4912650
1790619840000,0.0323360,0.0323620,0.0322670,0.0322680,34030.8187570
1790619900000,0.0322700,0.0323310,0.0322150,0.0322910,29275.1893890
1790619960000,0.0322900,0.0323580,0.0322350,0.0322720,26759.2222260
1790620020000,0.0322640,0.0323650,0.0322490,0.0323030,20618.1463690
1790620080000,0.0323020,0.0323230,0.0322200,0.0322440,8178.8137560
1790620140000,0.0322450,0.0323180,0.0321530,0.0321530,28728.1213060
1790620200000,0.0321530,0.0322060,0.0321000,0.0321850,14871.9045140
1790620260000,0.0321850,0.0322410,0.0321450,0.0322050,27009.8676370
1790620320000,0.0322060,0.0322870,0.0321710,0.0322230,19316.1866510
1790620380000,0.0322150,0.0322960,0.0321750,0.0322600,23900.0316090
1790620440000,0.0322590,0.0323210,0.0321790,0.0322240,19172.4776620
1790620500000,0.0322240,0.0322250,0.0321380,0.0321400,14471.9159050
1790620560000,0.0321390,0.0321390,0.0320900,0.0321220,17166.0170490
1790620620000,0.0321190,0.0321230,0.0320430,0.0321230,23269.1233340
1790620680000,0.0321240,0.0322350,0.0321130,0.0322350,19690.5108750
1790620740000,0.0322310,0.0322340,0.0321770,0.0322260,10624.0006240
1790620800000,0.0322270,0.0323660,0.0322210,0.0323660,10411.5503490
1790620860000,0.0323650,0.0323930,0.0323100,0.0323660,16217.7716390
1790620920000,0.0323660,0.0323740,0.0322590,0.0322610,9468.9458940
1790620980000,0.0322580,0.0323100,0.0321660,0.0321900,5522.9116300
1790621040000,0.0321890,0.0322000,0.0321310,0.0321670,17254.5268170
1790621100000,0.0321710,0.0323260,0.0321710,0.0323110,11332.2050220
1790621160000,0.0323110,0.0323550,0.0322640,0.0323370,20170.8131770
1790621220000,0.0323300,0.0325180,0.0323230,0.0324420,53278.5499360
1790621280000,0.0324420,0.0324530,0.0322950,0.0323380,24206.1704880
1790621340000,0.0323360,0.0324160,0.0322490,0.0322700,26684.5267880
1790621400000,0.0322650,0.0323800,0.0322500,0.0323720,11367.0531810
1790621460000,0.0323730,0.0325100,0.0323730,0.0324860,28989.0139680
1790621520000,0.0324840,0.0325190,0.0324330,0.0324700,16154.0339450
1790621580000,0.0324710,0.0325160,0.0323970,0.0324150,28262.3603690
1790621640000,0.0324170,0.0324320,0.0323760,0.0324280,16606.9005400
1790621700000,0.0324270,0.0324420,0.0323890,0.0324230,8263.3214500
1790621760000,0.0324180,0.0324180,0.0323250,0.0323720,12566.8556930
1790621820000,0.0323680,0.0323810,0.0323430,0.0323590,4014.3787630
1790621880000,0.0323590,0.0324290,0.0323420,0.0324040,9723.3124400
1790621940000,0.0324070,0.0324070,0.0323420,0.0323710,6711.7143210
1790622000000,0.0323720,0.0324910,0.0323630,0.0324810,14777.6202810
1790622060000,0.0324810,0.0324950,0.0323920,0.0324020,18090.2106810
1790622120000,0.0324040,0.0324250,0.0323700,0.0324250,12637.9113570
1790622180000,0.0324270,0.0324960,0.0324080,0.0324960,17607.1611780
1790622240000,0.0324970,0.0325180,0.0324800,0.0325030,9678.8367400
1790622300000,0.0325030,0.0325190,0.0324570,0.0325020,11405.2673850
1790622360000,0.0325050,0.0326690,0.0324590,0.0326110,31947.7389440
1790622420000,0.0326120,0.0326290,0.0325420,0.0325570,12326.1322220
1790622480000,0.0325560,0.0326380,0.0325480,0.0326380,10619.2892470
1790622540000,0.0326370,0.0326990,0.0326280,0.0326430,16041.7219720
1790622600000,0.0326430,0.0326820,0.0325620,0.0325860,39803.3457870
1790622660000,0.0325810,0.0326390,0.0324950,0.0324950,20842.8111660
1790622720000,0.0324970,0.0325600,0.0324940,0.0325310,9027.6408240
1790622780000,0.0325300,0.0325530,0.0324610,0.0325190,17926.2709980
1790622840000,0.0325200,0.0325860,0.0325200,0.0325850,9982.8798780
1790622900000,0.0325850,0.0326120,0.0325030,0.0325710,16852.2023370
1790622960000,0.0325720,0.0326090,0.0325390,0.0325550,6074.4189340
1790623020000,0.0325590,0.0326330,0.0325350,0.0326090,15384.9823800
1790623080000,0.0326100,0.0326220,0.0325290,0.0325290,7823.4979440
1790623140000,0.0325290,0.0325750,0.0325190,0.0325610,11843.1359360
1790623200000,0.0325640,0.0325830,0.0325110,0.0325330,6980.9871670
1790623260000,0.0325260,0.0325480,0.0324520,0.0325130,34536.1247720
1790623320000,0.0325090,0.0325540,0.0324680,0.0324890,15585.4446600
1790623380000,0.0324860,0.0324860,0.0323770,0.0324050,40415.5163400
1790623440000,0.0324050,0.0324060,0.0322300,0.0322300,34443.1329310
1790623500000,0.0322300,0.0322400,0.0320910,0.0321080,53408.3723950
1790623560000,0.0321190,0.0321380,0.0319730,0.0319750,39209.6571020
1790623620000,0.0319760,0.0320540,0.0319730,0.0320450,23285.1708190
1790623680000,0.0320430,0.0320480,0.0319490,0.0319490,23364.1442030
1790623740000,0.0319500,0.0319560,0.0318140,0.0318920,60994.9567490
1790623800000,0.0318910,0.0320460,0.0318660,0.0320120,31989.5694290
1790623860000,0.0320120,0.0320120,0.0319030,0.0319130,18615.1671410
1790623920000,0.0319110,0.0319110,0.0317040,0.0318020,92682.3391440
1790623980000,0.0318050,0.0318870,0.0317780,0.0318570,26760.7375070
1790624040000,0.0318540,0.0318620,0.0317780,0.0318250,18359.3112350
1790624100000,0.0318230,0.0319050,0.0318220,0.0318790,22226.2147200
1790624160000,0.0318800,0.0318860,0.0315210,0.0315390,90374.8509840
1790624220000,0.0315410,0.0316080,0.0314660,0.0315270,61072.1435400
1790624280000,0.0315280,0.0315280,0.0314480,0.0314930,23487.7904260
1790624340000,0.0314960,0.0315090,0.0314510,0.0314710,22230.0974540
1790624400000,0.0314660,0.0314660,0.0313170,0.0313740,61484.5758710
1790624460000,0.0313750,0.0314530,0.0313500,0.0313840,16676.7566260
1790624520000,0.0313830,0.0314280,0.0313190,0.0314190,23393.8397670
1790624580000,0.0314200,0.0314630,0.0313840,0.0314110,19483.3941960
1790624640000,0.0314120,0.0314540,0.0313610,0.0314240,18522.6174330
1790624700000,0.0314200,0.0316600,0.0314170,0.0316390,44647.4807370
1790624760000,0.0316280,0.0316290,0.0315480,0.0316230,27224.2519340
1790624820000,0.0316220,0.0316600,0.0314880,0.0315130,47142.8737910
1790624880000,0.0315120,0.0315580,0.0314300,0.0315370,36633.4049640
1790624940000,0.0315380,0.0315550,0.0314420,0.0314530,22199.6102220
1790625000000,0.0314530,0.0315150,0.0314100,0.0314330,24211.5663330
1790625060000,0.0314400,0.0314530,0.0313690,0.0314020,17435.6508840
1790625120000,0.0314030,0.0314450,0.0313340,0.0313660,24323.5798290
1790625180000,0.0313610,0.0314070,0.0311540,0.0313330,91125.1458500
1790625240000,0.0313280,0.0313690,0.0312850,0.0313220,12729.1927270
1790625300000,0.0313220,0.0314750,0.0313220,0.0314220,21586.6943490
1790625360000,0.0314250,0.0314550,0.0313820,0.0314050,17428.0637750
1790625420000,0.0314000,0.0314170,0.0313400,0.0313790,13076.8659850
1790625480000,0.0313610,0.0313880,0.0313450,0.0313770,6223.9285430
1790625540000,0.0313760,0.0314090,0.0313650,0.0313800,10327.6734910
1790625600000,0.0313810,0.0314670,0.0313810,0.0314280,34728.8449110
1790625660000,0.0314270,0.0314280,0.0311390,0.0311930,34176.8569380
1790625720000,0.0311930,0.0313050,0.0311630,0.0312740,26214.3428980
1790625780000,0.0312740,0.0314490,0.0312530,0.0313860,42592.4711270
1790625840000,0.0313860,0.0313960,0.0313470,0.0313740,10549.9264880
1790625900000,0.0313730,0.0315340,0.0313630,0.0315340,22123.4963960
1790625960000,0.0315330,0.0315600,0.0314630,0.0315190,25760.0759240
1790626020000,0.0315170,0.0315170,0.0314320,0.0314420,13466.5036520
1790626080000,0.0314420,0.0314660,0.0313760,0.0314140,17001.3507460
1790626140000,0.0314140,0.0314200,0.0312990,0.0313460,18239.1438080
1790626200000,0.0313460,0.0313460,0.0312850,0.0313000,20191.4569500
1790626260000,0.0312930,0.0313220,0.0311960,0.0312010,36093.9839900
1790626320000,0.0312010,0.0312350,0.0311670,0.0312140,17533.4428330
1790626380000,0.0312090,0.0312520,0.0311690,0.0312470,12238.7342390
1790626440000,0.0312400,0.0312830,0.0312140,0.0312540,16489.5755970
1790626500000,0.0312540,0.0313280,0.0312490,0.0312690,25068.7922750
1790626560000,0.0312690,0.0313230,0.0312510,0.0312760,8406.5836150
1790626620000,0.0312750,0.0313000,0.0312640,0.0312740,11734.0448000
1790626680000,0.0312740,0.0312920,0.0312440,0.0312880,11618.8356520
1790626740000,0.0312890,0.0313780,0.0312790,0.0313450,16311.6741070
1790626800000,0.0313410,0.0313410,0.0312490,0.0312550,6413.9387700
1790626860000,0.0312510,0.0312520,0.0311940,0.0312080,18381.0906010
1790626920000,0.0312110,0.0312450,0.0311850,0.0312200,13428.3766260
1790626980000,0.0312170,0.0312370,0.0311470,0.0312100,21335.3815420
1790627040000,0.0312100,0.0312480,0.0311730,0.0312120,14357.6965420
1790627100000,0.0312140,0.0313490,0.0312140,0.0312640,19388.3152120
1790627160000,0.0312640,0.0312700,0.0311960,0.0312140,10906.7073410
1790627220000,0.0312170,0.0312310,0.0311700,0.0312300,10576.7931050
1790627280000,0.0312290,0.0313110,0.0312000,0.0312970,14635.4218260
1790627340000,0.0312910,0.0312910,0.0311610,0.0312190,25184.9043520
1790627400000,0.0312180,0.0312210,0.0310420,0.0311160,37230.3563220
1790627460000,0.0311160,0.0311610,0.0311110,0.0311450,19883.7773660
1790627520000,0.0311450,0.0311950,0.0311430,0.0311700,10635.7730270
1790627580000,0.0311640,0.0312550,0.0311640,0.0312150,15052.2000580
1790627640000,0.0312140,0.0312500,0.0311810,0.0312430,8497.8496120
1790627700000,0.0312400,0.0313250,0.0312400,0.0312900,22934.8565920
1790627760000,0.0312910,0.0312910,0.0312100,0.0312340,12489.0857220
1790627820000,0.0312290,0.0312810,0.0311860,0.0312470,25114.9416610
1790627880000,0.0312460,0.0312600,0.0312280,0.0312310,5498.1153530
1790627940000,0.0312300,0.0312870,0.0312260,0.0312800,7550.7870410
1790628000000,0.0312810,0.0312940,0.0311730,0.0312150,10203.5886900
1790628060000,0.0312150,0.0312220,0.0311870,0.0312040,10277.7474590
1790628120000,0.0312050,0.0312260,0.0311900,0.0312190,6279.3077430
1790628180000,0.0312190,0.0312200,0.0311800,0.0312030,6932.9604070
1790628240000,0.0312050,0.0312930,0.0312010,0.0312680,16717.2166420
1790628300000,0.0312700,0.0313620,0.0312570,0.0313620,11549.1368310
1790628360000,0.0313620,0.0314290,0.0313620,0.0314090,22122.4296060
1790628420000,0.0314110,0.0315330,0.0314110,0.0314660,29122.9912500
1790628480000,0.0314820,0.0315900,0.0314820,0.0315450,23598.2351900
1790628540000,0.0315490,0.0318080,0.0315490,0.0317820,76105.3919320
1790628600000,0.0317890,0.0318210,0.0317210,0.0317890,29440.2490530
1790628660000,0.0317890,0.0317940,0.0316840,0.0317160,28809.5712370
1790628720000,0.0317220,0.0317220,0.0315880,0.0316190,34188.0182950
1790628780000,0.0316200,0.0316260,0.0314930,0.0315050,22687.2789530
1790628840000,0.0315020,0.0315510,0.0314660,0.0315420,13624.8070740
1790628900000,0.0315390,0.0315990,0.0314590,0.0314660,21457.4378220
1790628960000,0.0314670,0.0314780,0.0314050,0.0314280,17356.2656470
1790629020000,0.0314300,0.0314840,0.0314300,0.0314730,7534.3293510
1790629080000,0.0314700,0.0315440,0.0314700,0.0315400,9699.8657710
1790629140000,0.0315420,0.0316000,0.0315420,0.0315860,13834.3284980
1790629200000,0.0315870,0.0316590,0.0315600,0.0315690,18502.2685140
1790629260000,0.0315680,0.0316550,0.0315530,0.0316250,26629.3033680
1790629320000,0.0316250,0.0316840,0.0315790,0.0315910,19509.6294760
1790629380000,0.0315900,0.0315950,0.0315130,0.0315570,9714.5967780
1790629440000,0.0315530,0.0315690,0.0315110,0.0315210,7954.6847790
1790629500000,0.0315220,0.0315300,0.0314340,0.0314500,14196.5834630
1790629560000,0.0314510,0.0314680,0.0313590,0.0314540,22561.6381170
1790629620000,0.0314520,0.0314680,0.0314070,0.0314080,9758.1578530
1790629680000,0.0314090,0.0314870,0.0314070,0.0314090,40101.8240000
1790629740000,0.0314080,0.0314350,0.0313640,0.0313890,9722.9431100
1790629800000,0.0313860,0.0313860,0.0313180,0.0313210,9705.9942270
1790629860000,0.0313250,0.0313450,0.0311900,0.0312100,34287.5779810
1790629920000,0.0312100,0.0312450,0.0311940,0.0312350,17045.6227600
1790629980000,0.0312240,0.0312840,0.0311880,0.0312040,27367.0873960
1790630040000,0.0312030,0.0312280,0.0311790,0.0312180,17553.3440750
1790630100000,0.0312190,0.0312860,0.0312190,0.0312660,15771.2527460
1790630160000,0.0312660,0.0313400,0.0312460,0.0313060,15792.1206180
1790630220000,0.0313100,0.0313590,0.0312990,0.0313190,9660.0297850
1790630280000,0.0313180,0.0313620,0.0312790,0.0312950,22377.6025380
1790630340000,0.0313040,0.0313470,0.0312830,0.0313220,8641.3740650
1790630400000,0.0313200,0.0313950,0.0313150,0.0313360,12253.0706810
1790630460000,0.0313360,0.0313520,0.0312830,0.0312850,6028.5981820
1790630520000,0.0312800,0.0314470,0.0312750,0.0314400,14645.1422130
1790630580000,0.0314360,0.0315240,0.0314310,0.0314370,13930.8125090
1790630640000,0.0314340,0.0314910,0.0314050,0.0314590,9420.4613520
1790630700000,0.0314590,0.0315890,0.0314590,0.0315790,11679.5098880
1790630760000,0.0315780,0.0315890,0.0315260,0.0315500,14351.4928580
1790630820000,0.0315490,0.0316400,0.0315170,0.0315660,26741.8982390
1790630880000,0.0315600,0.0315690,0.0314020,0.0314590,21399.3608040
1790630940000,0.0314740,0.0315320,0.0313450,0.0315030,36403.5915660
1790631000000,0.0315030,0.0316000,0.0315030,0.0315960,15162.8191470
1790631060000,0.0315950,0.0316250,0.0315830,0.0316180,7601.9002790
1790631120000,0.0316220,0.0316250,0.0316010,0.0316160,5329.5509090
1790631180000,0.0316140,0.0316940,0.0316020,0.0316900,13291.1751430
1790631240000,0.0316910,0.0318590,0.0316780,0.0317980,25371.3424000
1790631300000,0.0318030,0.0318870,0.0316660,0.0318390,48582.8037930
1790631360000,0.0318330,0.0318930,0.0317840,0.0318300,33596.6024450
1790631420000,0.0318350,0.0318720,0.0317910,0.0318240,19671.1392080
1790631480000,0.0318200,0.0319110,0.0318130,0.0318900,13074.7021260
1790631540000,0.0318950,0.0318950,0.0316920,0.0317150,10907.6624680
1790631600000,0.0317100,0.0317250,0.0315880,0.0316160,13128.4853040
1790631660000,0.0316230,0.0316240,0.0314940,0.0315320,15119.4477740
1790631720000,0.0315330,0.0315460,0.0314890,0.0315010,5431.8566300
1790631780000,0.0315060,0.0315200,0.0314810,0.0315090,3033.2216320
1790631840000,0.0315070,0.0315910,0.0315070,0.0315720,18117.4569080
1790631900000,0.0315710,0.0315730,0.0315390,0.0315690,3816.7144840
1790631960000,0.0315660,0.0315950,0.0315340,0.0315520,4991.5639430
1790632020000,0.0315490,0.0316550,0.0315490,0.0316490,8343.0395130
1790632080000,0.0316490,0.0316500,0.0315420,0.0315780,14060.7894430
1790632140000,0.0315780,0.0315780,0.0315410,0.0315410,1969.3674200
1790632200000,0.0315400,0.0315400,0.0314910,0.0314910,3897.1741470
1790632260000,0.0314900,0.0314900,0.0313650,0.0313920,32428.4471090
1790632320000,0.0313940,0.0315270,0.0313930,0.0315220,6598.3843700
1790632380000,0.0315210,0.0315330,0.0313510,0.0313670,25061.5284650
1790632440000,0.0313670,0.0313900,0.0313000,0.0313110,18802.5465110
1790632500000,0.0313100,0.0313430,0.0312090,0.0312490,15179.5179520
1790632560000,0.0312400,0.0313800,0.0312400,0.0313800,8370.0565500
1790632620000,0.0313810,0.0314250,0.0313130,0.0313660,22024.2882600
1790632680000,0.0313670,0.0313790,0.0313500,0.0313670,3839.1350640
1790632740000,0.0313690,0.0313710,0.0313450,0.0313480,1964.7052390
1790632800000,0.0313470,0.0313800,0.0311100,0.0311100,32120.6763520
1790632860000,0.0311100,0.0311870,0.0310670,0.0311240,34366.3135960
1790632920000,0.0311170,0.0311780,0.0310590,0.0311160,37646.6032780
1790632980000,0.0311190,0.0312800,0.0311190,0.0312230,16149.0701400
1790633040000,0.0312200,0.0312280,0.0311320,0.0311720,10698.9003810
1790633100000,0.0311730,0.0311730,0.0310930,0.0311000,20585.0982230
1790633160000,0.0311000,0.0311300,0.0310440,0.0310820,17775.8491030
1790633220000,0.0310800,0.0311280,0.0310310,0.0310460,15208.4044630
1790633280000,0.0310470,0.0311090,0.0310470,0.0310870,11461.3196540
1790633340000,0.0310860,0.0311220,0.0310500,0.0310720,21854.7297950
1790633400000,0.0310720,0.0310800,0.0308680,0.0309060,51647.2570310
1790633460000,0.0309060,0.0310120,0.0308490,0.0310070,36035.4650770
1790633520000,0.0310080,0.0310170,0.0309430,0.0309440,10239.0250360
1790633580000,0.0309440,0.0310420,0.0309140,0.0310240,30588.5308520
1790633640000,0.0310240,0.0310680,0.0309450,0.0309680,26260.8160180
1790633700000,0.0309710,0.0310400,0.0309620,0.0310160,7918.0818130
1790633760000,0.0310190,0.0310230,0.0309570,0.0310020,13318.5013160
1790633820000,0.0310020,0.0310230,0.0310000,0.0310200,6692.0600650
1790633880000,0.0310200,0.0310610,0.0309750,0.0309780,11539.9786070
1790633940000,0.0309790,0.0311020,0.0309790,0.0310740,10129.6593630
1790634000000,0.0310740,0.0313700,0.0310550,0.0312600,77917.7250260
1790634060000,0.0312700,0.0313720,0.0312700,0.0313340,14401.1419960
1790634120000,0.0313340,0.0313470,0.0312710,0.0313000,8619.9400040
1790634180000,0.0312970,0.0312970,0.0312280,0.0312930,7009.0458120
1790634240000,0.0312880,0.0313420,0.0312620,0.0312620,9329.9738160
1790634300000,0.0312610,0.0313040,0.0312230,0.0312830,13580.2267840
1790634360000,0.0312840,0.0313370,0.0312800,0.0313240,6668.4765320
1790634420000,0.0313230,0.0313580,0.0312770,0.0313450,7736.8201410
1790634480000,0.0313400,0.0316690,0.0313390,0.0316510,54971.3369860
1790634540000,0.0316500,0.0316920,0.0315520,0.0316210,49750.5202280
1790634600000,0.0316220,0.0316220,0.0314750,0.0315200,31442.2079060
1790634660000,0.0315190,0.0315810,0.0314330,0.0314940,28856.6846850
1790634720000,0.0314950,0.0315030,0.0314350,0.0314860,8518.4295550
1790634780000,0.0314850,0.0314850,0.0313910,0.0314790,15612.3262980
1790634840000,0.0314780,0.0314780,0.0313850,0.0313930,6551.2107180
1790634900000,0.0313940,0.0313940,0.0313290,0.0313310,11190.7648180
1790634960000,0.0313310,0.0313400,0.0312730,0.0312790,7118.5841920
1790635020000,0.0312790,0.0313150,0.0312620,0.0312890,13878.9714520
1790635080000,0.0312890,0.0313200,0.0312770,0.0312880,4966.3542170
1790635140000,0.0312880,0.0313050,0.0312790,0.0312790,2761.5279990
1790635200000,0.0312780,0.0312780,0.0312390,0.0312510,8590.3395000
1790635260000,0.0312490,0.0312660,0.0312350,0.0312630,6796.1856780
1790635320000,0.0312640,0.0313800,0.0312550,0.0312900,9928.9647300
1790635380000,0.0312930,0.0313490,0.0312900,0.0312900,16332.9816710
1790635440000,0.0312910,0.0314310,0.0312700,0.0313630,14504.8740140
1790635500000,0.0313630,0.0313680,0.0313140,0.0313310,5873.9519290
1790635560000,0.0313300,0.0313580,0.0312620,0.0312980,25327.5146600
1790635620000,0.0312980,0.0313610,0.0312640,0.0312640,21581.5171630
1790635680000,0.0312640,0.0313030,0.0312380,0.0312790,13407.0624010
1790635740000,0.0312800,0.0312820,0.0312630,0.0312810,1581.4726720
1790635800000,0.0312810,0.0312880,0.0312480,0.0312480,5772.9213270
1790635860000,0.0312480,0.0312890,0.0312250,0.0312840,15963.2457120
1790635920000,0.0312800,0.0312800,0.0311920,0.0312290,10608.5607620
1790635980000,0.0312280,0.0312380,0.0312060,0.0312070,5491.0709170
1790636040000,0.0312060,0.0312100,0.0311900,0.0312100,4768.0811500
1790636100000,0.0312070,0.0312790,0.0312070,0.0312710,6892.4391340
1790636160000,0.0312720,0.0313290,0.0312680,0.0313200,12741.9499130
1790636220000,0.0313150,0.0313350,0.0312910,0.0312910,3721.5504120
1790636280000,0.0312910,0.0312940,0.0312500,0.0312700,9346.3734910
1790636340000,0.0312680,0.0313370,0.0312620,0.0313190,4893.0023720
1790636400000,0.0313190,0.0313190,0.0312620,0.0312880,12307.2505560
1790636460000,0.0312930,0.0315980,0.0312920,0.0314680,63260.4128300
1790636520000,0.0314690,0.0317500,0.0314200,0.0316100,41175.2541460
1790636580000,0.0316100,0.0316100,0.0314490,0.0314940,35062.9585510
1790636640000,0.0314940,0.0316390,0.0314710,0.0316030,18170.2981320
1790636700000,0.0316030,0.0316050,0.0315100,0.0315100,10365.5956530
1790636760000,0.0315120,0.0315480,0.0314750,0.0314830,7284.0674170
1790636820000,0.0314810,0.0315420,0.0314780,0.0314830,12190.2936750
1790636880000,0.0314830,0.0315350,0.0314720,0.0314770,8334.7239390
1790636940000,0.0314770,0.0315640,0.0314770,0.0315450,8605.7074270
1790637000000,0.0315450,0.0315970,0.0315330,0.0315610,4306.7523510
1790637060000,0.0315610,0.0315740,0.0315060,0.0315530,6495.1886320
1790637120000,0.0315530,0.0316660,0.0315520,0.0316370,9095.0266610
1790637180000,0.0316370,0.0316740,0.0316200,0.0316550,8536.9793180
1790637240000,0.0316470,0.0316880,0.0316320,0.0316750,12081.7435730
1790637300000,0.0316760,0.0316760,0.0315550,0.0315670,7660.7956090
1790637360000,0.0315680,0.0315880,0.0315120,0.0315190,13737.0806220
1790637420000,0.0315190,0.0315870,0.0315190,0.0315630,17124.3282710
1790637480000,0.0315630,0.0316200,0.0315420,0.0315920,7164.0794990
1790637540000,0.0315900,0.0316780,0.0315900,0.0316270,12767.8879040
1790637600000,0.0316260,0.0316450,0.0315920,0.0315920,7055.0460380
1790637660000,0.0315920,0.0315930,0.0315170,0.0315300,22685.0911720
1790637720000,0.0315300,0.0315390,0.0314880,0.0314940,12263.8443500
1790637780000,0.0314940,0.0315620,0.0314910,0.0315180,20119.7931470
1790637840000,0.0315180,0.0315680,0.0315180,0.0315390,6487.1832430
1790637900000,0.0315400,0.0315520,0.0315060,0.0315140,9831.5359180
1790637960000,0.0315150,0.0315520,0.0314920,0.0315520,11409.5769940
1790638020000,0.0315540,0.0315570,0.0315260,0.0315360,5498.8506110
1790638080000,0.0315360,0.0315710,0.0315020,0.0315530,10672.8293590
1790638140000,0.0315640,0.0316020,0.0315390,0.0315710,12224.9774190
1790638200000,0.0315760,0.0315800,0.0315090,0.0315090,9002.0739440
1790638260000,0.0315110,0.0315180,0.0313870,0.0313970,14377.0086580
1790638320000,0.0314000,0.0314020,0.0313230,0.0313290,12433.2782180
1790638380000,0.0313220,0.0313920,0.0313080,0.0313920,14226.6025370
1790638440000,0.0313900,0.0314200,0.0313340,0.0313590,13193.6890420
1790638500000,0.0313670,0.0313730,0.0312970,0.0313230,14942.7573530
1790638560000,0.0313210,0.0313360,0.0312980,0.0313240,7500.4729300
1790638620000,0.0313320,0.0313830,0.0313100,0.0313100,9675.8586420
1790638680000,0.0313160,0.0313370,0.0312980,0.0313100,10701.1356860
1790638740000,0.0313100,0.0313300,0.0312860,0.0312960,7796.7577090
1790638800000,0.0312850,0.0312980,0.0312660,0.0312810,7423.3125670
1790638860000,0.0312810,0.0313220,0.0312720,0.0313010,8383.2630540
1790638920000,0.0313010,0.0313470,0.0312920,0.0312970,8125.1907030
1790638980000,0.0312990,0.0313060,0.0312620,0.0312790,9630.5980570
1790639040000,0.0312770,0.0312880,0.0312530,0.0312600,9372.8749940
1790639100000,0.0312590,0.0313080,0.0312280,0.0312950,20263.3961270
1790639160000,0.0312970,0.0313450,0.0312190,0.0312280,13258.0264300
1790639220000,0.0312290,0.0313900,0.0312230,0.0313760,15968.5441890
1790639280000,0.0313760,0.0314840,0.0313760,0.0314430,12236.5949230
1790639340000,0.0314440,0.0314970,0.0314360,0.0314820,16002.6075310
1790639400000,0.0314810,0.0314810,0.0313820,0.0314170,12397.1750510
1790639460000,0.0314190,0.0322120,0.0314190,0.0319470,267789.5060440
1790639520000,0.0319450,0.0320130,0.0317190,0.0318210,79365.7680450
1790639580000,0.0318220,0.0318230,0.0316940,0.0317460,38664.1335750
1790639640000,0.0317470,0.0318470,0.0317400,0.0317590,32564.8944680
1790639700000,0.0317590,0.0317720,0.0317210,0.0317540,12463.2189820
1790639760000,0.0317560,0.0321920,0.0316890,0.0321080,121940.3531940
1790639820000,0.0321030,0.0321030,0.0320010,0.0320240,43123.7878560
1790639880000,0.0320280,0.0321180,0.0320080,0.0320440,27021.7715950
1790639940000,0.0320450,0.0321820,0.0320150,0.0320560,43199.9511370
